id,prolific_id,XP_condition,age,education,employment,freq_cook,from,gender,living_in_UK,fq1,fq2,fq3,fq4,fq5,fq6,fq7,q1,q17,q18,q19,q2,q24,q3,q4,q5,q6,q7,q8,q8_r,q10,q11,q12,q13,q14,q15,q16,q20,q21,q27,q9,task perf,,food_val_state,food_val_trait,food_values,n_accepted_reco,n_queries,n_reco,n_seed_ingredients,queries,seed_ingredients,duration,free_text_about_cora,free_text_about_study
alse,5d63c08592a38a0017d83fba,5,4,4,3,5,5,3,,,,,,,,,,,,,,,,,,,,,,,,,,,,,,,,,,,,,,,,,,,,,,
LtZiPP9zlLC9MIgqcNL,5c955419bd4bd9001995fa47,human,30-49,college,['full-time'],several_t_w,Denmark,male,not_in_UK,3,2,5,2,4,5,2,5,3,3,3,5,5,4,5,5,5,1,1,5,3,3,1,4,4,3,4,2,2,6,4,3.25,1,"{'food_fillingness': 1, 'healthiness': 1}","{'comfort': 0.016666666666666666, 'food_fillingness': 0.02, 'healthiness': 0.08}","{'food_fillingness': 0.51, 'healthiness': 1}",1,1,3,1,['salmon&maxReadyTime=5000&fillIngredients=true&addRecipeInformation=true&fillIngredients=true&addRecipeInformation=true&number=5'],['salmon'],00:08:39,"it was fun to try, but i didn't mention salmon.",no
LtZiRvbOaJLslpZO2Dw,5cf91e3f1756e60017a30568,human,30-49,college,['part-time'],once_day,I'm Irish. I live in Ireland.,female,not_in_UK,2,2,5,3,5,5,4,3,1,0,1,4,6,5,5,5,6,4,1,5,3,4,2,6,0,4,5,0,0,6,2,3.25,1,"{'food_fillingness': -1, 'healthiness': 1}","{'comfort': -0.016666666666666666, 'food_fillingness': -0.02, 'healthiness': 0.04}","{'food_fillingness': -0.51, 'healthiness': 0.020000000000000018}",0,1,2,1,['pepper&maxReadyTime=21&fillIngredients=true&addRecipeInformation=true&fillIngredients=true&addRecipeInformation=true&number=5'],['pepper'],00:20:41,Cora was very personable for a bot. The recommended recipe was a bit too healthy for my tastes. ,I enjoyed the study.I think people would like using a service like this to find meal ideas.
LtZiSupsZpXOW0GdJ40,591a1f4800a5650001276188,human,30-49,college,['full-time'],several_t_w,Germany,male,not_in_UK,1,2,2,3,4,4,4,4,4,4,4,4,4,3,5,4,6,3,3,3,5,3,3,5,5,3,3,4,4,6,5,4,1,"{'food_fillingness': 1, 'healthiness': 1}","{'comfort': -0.016666666666666666, 'food_fillingness': -0.02, 'healthiness': -0.04}","{'food_fillingness': 0.49, 'healthiness': 0.98}",1,1,3,1,['salmon&maxReadyTime=5000&fillIngredients=true&addRecipeInformation=true&fillIngredients=true&addRecipeInformation=true&number=5'],['salmon'],00:09:19,"It was good over all, but i could feel that she won't be able to recognise and reply to certain things I could say. But she serves her purpose well enough.",
LtZiY4PvillImRfUa0x,5c4a45dda8c31a000141a752,human,18-29,secondary,['student'],several_t_w,Portugal,female,not_in_UK,2,2,5,1,6,5,5,2,1,2,1,5,6,2,4,5,5,1,4,2,5,2,3,2,3,4,5,1,1,6,4,3.5,1,"{'food_fillingness': 1, 'healthiness': 0}","{'comfort': -0.08333333333333333, 'food_fillingness': -0.1, 'healthiness': 0.08}","{'food_fillingness': 0.45, 'healthiness': 0.54}",0,1,1,1,['soup&maxReadyTime=21&fillIngredients=true&addRecipeInformation=true&fillIngredients=true&addRecipeInformation=true&number=5'],['soup'],00:05:46,,
LtZiZ_BpsdXBj2z_24K,5c314de6d5fc960001d2cb93,human,30-49,college,['part-time'],several_t_w,USA,female,not_in_UK,3,3,2,4,5,4,5,5,6,6,6,5,5,5,6,5,6,4,2,4,2,6,6,6,6,6,5,6,6,6,5,5.25,1,"{'food_fillingness': -1, 'healthiness': 1}","{'comfort': -0.03333333333333333, 'food_fillingness': -0.04, 'healthiness': -0.04}","{'food_fillingness': -0.52, 'healthiness': 0.98}",1,1,1,1,['broccoli&maxReadyTime=21&fillIngredients=true&addRecipeInformation=true&fillIngredients=true&addRecipeInformation=true&number=5'],['broccoli'],00:05:56,I liked everything about it except for Cora wanting to know where I live. ,I thought this was a very interesting study. It worked well and I liked testing out the chat. 
LtZisx9nofYIOsklBaP,5b58be8a51ac08000194fcd4,human,18-29,college,['student'],once_day,United Kingdom,female,born_here,4,1,5,1,3,4,5,4,4,3,4,5,5,4,3,2,5,2,4,2,5,1,5,6,5,5,1,1,1,6,5,4.125,1,"{'food_fillingness': -1, 'healthiness': -1}","{'comfort': -0.05, 'food_fillingness': -0.06, 'healthiness': 0.14}","{'food_fillingness': -0.53, 'healthiness': 0.07}",1,1,3,1,['pepper&maxReadyTime=5000&diet=vegan&fillIngredients=true&addRecipeInformation=true&fillIngredients=true&addRecipeInformation=true&number=5'],['pepper'],00:10:48,,
LtZjGf5RtVCtQlaKeVg,5c9aa9ba39138e00169a4eb6,human,18-29,college,['student'],never,Portugal,male,not_in_UK,1,6,4,1,4,5,4,6,4,4,4,6,0,6,6,6,6,5,0,6,6,6,6,6,6,6,6,4,4,6,6,6,1,"{'food_fillingness': 1, 'healthiness': 1}","{'comfort': -0.03333333333333333, 'food_fillingness': -0.04, 'healthiness': -0.04}","{'food_fillingness': 0.48, 'healthiness': 0.98}",1,1,1,1,['salmon&maxReadyTime=21&fillIngredients=true&addRecipeInformation=true&fillIngredients=true&addRecipeInformation=true&number=5'],['salmon'],00:07:43,to be honest that was really great ! i am not a cook person myself so cora would be very good for me,
LtZwFZ-HD7xvZFCyDO2,5aad8499e1546900019aef29,human,18-29,college,"['part-time', 'student', 'unemployed']",several_t_w,UK,male,born_here,5,3,4,2,3,4,3,5,5,5,6,4,5,3,5,4,6,5,1,5,5,5,5,4,5,5,6,6,6,6,5,5,1,"{'food_fillingness': 0, 'healthiness': -1}","{'comfort': 0.0, 'food_fillingness': 0.0, 'healthiness': 0.08}","{'food_fillingness': 0.0, 'healthiness': 0.03999999999999998}",4,1,4,1,['sandwich&maxReadyTime=5000&fillIngredients=true&addRecipeInformation=true&fillIngredients=true&addRecipeInformation=true&number=5'],['sandwich'],00:06:18,Cora didn't understand common phrases which were not programmed.,"Good study, thank you very much!"
LtZwG8dJUrhc9w0Xssz,5d6048d1a57d77001e8950e1,human,18-29,no_education,['part-time'],several_t_w,United States,female,not_in_UK,1,1,1,1,1,5,3,6,4,4,4,5,3,6,6,5,5,5,0,6,5,5,5,6,5,5,5,4,5,6,5,5.125,1,"{'food_fillingness': 1, 'healthiness': 1}","{'comfort': 0.03333333333333333, 'food_fillingness': 0.04, 'healthiness': 0.0}","{'food_fillingness': 0.52, 'healthiness': 1}",2,1,4,1,['%20salad&maxReadyTime=21&diet=vegan&fillIngredients=true&addRecipeInformation=true&fillIngredients=true&addRecipeInformation=true&number=5'],['%20salad'],00:06:39,,
LtZwI17oZR3cYNCan2S,5db06d09b3844500159a0619,human,30-49,udergrad,['unemployed'],once_day,United Kingdom,female,born_here,3,4,5,3,5,4,1,4,1,2,2,4,4,4,4,3,5,3,2,4,4,1,3,5,3,4,3,2,2,6,4,3.375,1,"{'food_fillingness': 1, 'healthiness': 1}","{'comfort': 0.016666666666666666, 'food_fillingness': 0.02, 'healthiness': 0.02}","{'food_fillingness': 0.51, 'healthiness': 1}",1,1,1,1,['salmon&maxReadyTime=21&fillIngredients=true&addRecipeInformation=true&fillIngredients=true&addRecipeInformation=true&number=5'],['salmon'],00:06:35,,
LtZwQlo1vgyTYOW0JPc,5dcab789be3c0f79130c7319,human,30-49,graduate,['full-time'],several_t_w,Canada,male,not_in_UK,4,1,3,2,3,2,4,5,6,6,6,4,6,4,6,5,6,5,2,4,5,6,5,6,6,6,0,6,6,6,5,4.875,1,"{'food_fillingness': 1, 'healthiness': 0}","{'comfort': -0.05, 'food_fillingness': -0.06, 'healthiness': 0.08}","{'food_fillingness': 0.47, 'healthiness': 0.54}",3,1,5,1,['soup&maxReadyTime=21&fillIngredients=true&addRecipeInformation=true&fillIngredients=true&addRecipeInformation=true&number=5'],['soup'],00:11:38,This could really be beneficial for people that can't make up their mind on recipes. It will also bring healthy choices to people that normally pick the same things over and over again.,
LtZx-0y3YdVIWQOUaG5,5cb08b95600ba8001213,human,50-69,udergrad,['unemployed'],once_w,UK,female,born_here,1,1,1,0,2,2,2,2,4,5,4,5,5,5,5,3,5,3,2,4,5,3,2,6,5,4,5,4,4,6,5,4.375,1,"{'food_fillingness': -1, 'healthiness': 1}","{'comfort': -0.03333333333333333, 'food_fillingness': -0.04, 'healthiness': 0.02}","{'food_fillingness': -0.52, 'healthiness': 1}",0,3,5,3,"['broccoli&maxReadyTime=21&fillIngredients=true&addRecipeInformation=true&fillIngredients=true&addRecipeInformation=true&number=5', 'spinach&maxReadyTime=21&excludeIngredients=spices,sauce,broccoli,pepper,salt&fillIngredients=true&addRecipeInformation=true&fillIngredients=true&addRecipeInformation=true&number=5', 'tomatoes&maxReadyTime=21&excludeIngredients=spices,sauce,broccoli,pepper,salt,milk,spinach,drink&fillIngredients=true&addRecipeInformation=true&fillIngredients=true&addRecipeInformation=true&number=5']","['broccoli', 'spinach', 'tomatoes']",00:14:33,"I felt as though part of the screen was missing and that i might be missing some of the information because of it, and she seemed to answer exactly as I pressed the submit button rather than afterwards",it was quite interesting as a concept
LtZz3BP3G6E9CKmCIkS,5d6e3252dfe6d10001dbe508,human,18-29,college,"['part-time', 'student']",several_t_w,Poland,male,1st_y,1,2,1,4,3,4,2,4,4,4,3,3,2,5,3,5,5,4,3,3,3,2,5,5,5,3,4,4,3,6,4,3.875,1,"{'food_fillingness': 0, 'healthiness': 0}","{'comfort': 0.05, 'food_fillingness': 0.06, 'healthiness': -0.08}","{'food_fillingness': 0.03, 'healthiness': 0.46}",1,1,1,1,['beans&maxReadyTime=21&excludeIngredients=meat&fillIngredients=true&addRecipeInformation=true&fillIngredients=true&addRecipeInformation=true&number=5'],['beans'],00:04:19,,
Lt_0grQuTomqDgYx8hE,5cf9a6420a472100181f587b,human,18-29,college,['part-time'],once_w,Portugal,male,not_in_UK,2,2,2,4,3,4,2,5,4,4,6,6,6,6,6,6,6,5,1,5,6,6,6,6,6,6,5,5,4,6,5,5.75,1,"{'food_fillingness': 1, 'healthiness': 1}","{'comfort': 0.05, 'food_fillingness': 0.06, 'healthiness': -0.04}","{'food_fillingness': 0.53, 'healthiness': 0.98}",3,1,4,1,['salmon&maxReadyTime=21&fillIngredients=true&addRecipeInformation=true&fillIngredients=true&addRecipeInformation=true&number=5'],['salmon'],00:10:04,,
Lt_0jDaRTY5zeHpa-4C,5c6ae4c31b9d0e000190bacc,human,50-69,graduate,['part-time'],several_t_w,USA,female,not_in_UK,5,4,3,3,4,4,4,2,3,6,6,6,5,3,4,5,6,3,2,4,1,5,5,6,6,6,5,5,5,6,6,5,1,"{'food_fillingness': -1, 'healthiness': 1}","{'comfort': -0.016666666666666666, 'food_fillingness': -0.02, 'healthiness': 0.02}","{'food_fillingness': -0.51, 'healthiness': 1}",1,1,1,1,['broccoli&maxReadyTime=21&fillIngredients=true&addRecipeInformation=true&fillIngredients=true&addRecipeInformation=true&number=5'],['broccoli'],00:06:42,it was fun!,
Lt_0kwIlGACSH7NEQ9s,5d9f841f22ef1f0014f46a8e,human,18-29,college,['full-time'],several_t_w,UK,female,born_here,0,5,0,5,0,5,0,0,0,0,0,6,6,6,6,6,6,4,4,2,6,6,2,6,0,6,0,0,0,6,0,3.25,1,"{'food_fillingness': 1, 'healthiness': 0}","{'comfort': 0.16666666666666666, 'food_fillingness': 0.2, 'healthiness': -0.2}","{'food_fillingness': 0.6, 'healthiness': 0.4}",1,1,4,1,['rice%20&maxReadyTime=21&fillIngredients=true&addRecipeInformation=true&fillIngredients=true&addRecipeInformation=true&number=5'],['rice%20'],00:03:24,,
Lt_0l2Sn9up3s6zf1ar,5a81a392190420000155d6df,human,30-49,udergrad,['full-time'],several_t_w,london,male,born_here,5,3,4,3,3,2,5,5,5,5,5,4,1,3,6,6,5,6,2,4,5,5,6,4,4,5,5,3,5,6,5,4.875,1,"{'food_fillingness': 0, 'healthiness': 0}","{'comfort': -0.05, 'food_fillingness': -0.06, 'healthiness': 0.06}","{'food_fillingness': -0.03, 'healthiness': 0.53}",1,1,3,1,['beans&maxReadyTime=5000&fillIngredients=true&addRecipeInformation=true&fillIngredients=true&addRecipeInformation=true&number=5'],['beans'],00:07:23,its cool,I like it
Lt_0mQXp2jyMOAOFw1l,5c1ac1c637dd01000114e36a,human,18-29,college,['student'],once_day,United Kingdom,female,born_here,5,3,4,3,5,5,3,5,3,2,4,5,6,5,6,5,6,5,1,5,2,3,4,6,5,5,3,3,4,6,4,4,1,"{'food_fillingness': -1, 'healthiness': 1}","{'comfort': 0.0, 'food_fillingness': 0.0, 'healthiness': 0.06}","{'food_fillingness': -0.5, 'healthiness': 1}",1,1,3,1,['broccoli&maxReadyTime=21&fillIngredients=true&addRecipeInformation=true&fillIngredients=true&addRecipeInformation=true&number=5'],['broccoli'],00:09:22,the responses seemed quite personalised which was clever,n/a
Lt_0uIkj0jPC2IaoX8n,5d5f97f4eea49d0019483080,human,30-49,college,['full-time'],once_day,Uk,female,born_here,2,4,4,2,6,4,4,4,0,0,0,6,6,3,5,4,6,5,4,2,6,4,3,6,3,2,3,0,0,6,2,3.625,1,"{'food_fillingness': 1, 'healthiness': 0}","{'comfort': -0.06666666666666667, 'food_fillingness': -0.08, 'healthiness': 0.0}","{'food_fillingness': 0.46, 'healthiness': 0.5}",1,1,4,1,['soup&maxReadyTime=21&fillIngredients=true&addRecipeInformation=true&fillIngredients=true&addRecipeInformation=true&number=5'],['soup'],00:06:18,Did not pay attention to dietary or allergy requirements ,
Lt_14Cj2XpLkrAfTshj,5d6c16f881a8ae00014d49d2,human,18-29,udergrad,['student'],once_day,Portugal ,female,5_to_10y,3,2,2,1,6,5,6,4,4,4,3,6,6,6,6,5,6,5,1,5,6,5,5,6,6,3,1,4,6,6,5,4.625,1,"{'food_fillingness': 0, 'healthiness': 1}","{'comfort': -0.1, 'food_fillingness': -0.12, 'healthiness': 0.04}","{'food_fillingness': -0.06, 'healthiness': 1}",2,1,4,1,['carrot&maxReadyTime=21&fillIngredients=true&addRecipeInformation=true&fillIngredients=true&addRecipeInformation=true&number=5'],['carrot'],00:15:01,"I feel like Cora misinterpreted me while we were having the chat. Cora asked me if I would like to see another recipe after showing me a few and I said something like 'I am okay for now, thank you' but I meant that I was satisfied with what she had showed me already. Cora then showed me another recipe and asked me the same question to which I replied 'no, thank you' and the chat ended. It was a nice experience, I liked the system but I would have been happier if it had understood me correctly. ",
Lt_1M6q-WFOf6SnqyfZ,5d7d78aeb7d4db001acb0da0,human,18-29,graduate,['student'],several_t_w,london,male,born_here,4,3,4,2,5,2,3,4,3,4,4,5,5,4,5,5,6,3,3,3,5,3,3,6,5,3,3,4,4,6,2,3.75,1,"{'food_fillingness': 0, 'healthiness': 0}","{'comfort': -0.06666666666666667, 'food_fillingness': -0.08, 'healthiness': 0.06}","{'food_fillingness': -0.04, 'healthiness': 0.53}",2,1,2,1,['beans&maxReadyTime=21&fillIngredients=true&addRecipeInformation=true&fillIngredients=true&addRecipeInformation=true&number=5'],['beans'],00:06:01,,
Lt_7qwiYbhCHKnoOTxQ,5c51dd37c91d1100017760b8,human,30-49,udergrad,['full-time'],once_day,Poland,male,not_in_UK,5,0,5,0,6,3,6,5,5,6,6,6,6,6,6,6,6,6,0,6,6,6,6,6,6,6,5,6,6,6,5,5.75,1,"{'food_fillingness': 1, 'healthiness': 0}","{'comfort': -0.15, 'food_fillingness': -0.18, 'healthiness': 0.2}","{'food_fillingness': 0.41000000000000003, 'healthiness': 0.6}",3,4,4,3,"['soup&maxReadyTime=21&diet=vegan&fillIngredients=true&addRecipeInformation=true&fillIngredients=true&addRecipeInformation=true&number=5', 'stir%20fry&maxReadyTime=21&diet=vegan&excludeIngredients=soup&fillIngredients=true&addRecipeInformation=true&fillIngredients=true&addRecipeInformation=true&number=5', 'stir%20fry&maxReadyTime=21&diet=vegan&excludeIngredients=soup&fillIngredients=true&addRecipeInformation=true&fillIngredients=true&addRecipeInformation=true&number=5', '%20salad&maxReadyTime=21&diet=vegan&excludeIngredients=soup&fillIngredients=true&addRecipeInformation=true&fillIngredients=true&addRecipeInformation=true&number=5']","['soup', 'stir%20fry', '%20salad']",00:11:55,,
Lt_7rUe-BmRD6zuYjAl,5c82f678a4c44a001484dc00,human,18-29,college,['student'],several_t_w,United Kingdom,male,born_here,1,3,3,3,4,5,3,1,5,4,5,5,5,1,5,4,5,2,3,3,4,5,5,6,6,6,2,5,5,6,5,4.875,1,"{'food_fillingness': 0, 'healthiness': 0}","{'comfort': 0.016666666666666666, 'food_fillingness': 0.02, 'healthiness': -0.04}","{'food_fillingness': 0.01, 'healthiness': 0.48}",1,1,2,1,['beans&maxReadyTime=21&excludeIngredients=kale&fillIngredients=true&addRecipeInformation=true&fillIngredients=true&addRecipeInformation=true&number=5'],['beans'],00:03:39,Didn't respond correctly when asked for a light or large dinner,All good
Lt_7sHd7-VdM2SX3r02,5c897696146e370001e063c9,human,30-49,college,['full-time'],once_day,Uk,male,born_here,3,4,4,4,5,5,3,4,1,1,1,6,5,1,5,5,6,4,0,6,2,3,3,6,3,5,2,1,1,6,1,3.125,1,"{'food_fillingness': 1, 'healthiness': 0}","{'comfort': 0.016666666666666666, 'food_fillingness': 0.02, 'healthiness': -0.02}","{'food_fillingness': 0.51, 'healthiness': 0.49}",2,1,2,1,['soup&maxReadyTime=5000&intolerances=egg&excludeIngredients=egg&fillIngredients=true&addRecipeInformation=true&fillIngredients=true&addRecipeInformation=true&number=5'],['soup'],00:08:25,I had asked for something more substantial than soup and was given another soup recepie. ,
Lt_7uK522fmbBpcyoYi,5c4e7b34620ba700010c5dc6,human,18-29,udergrad,['part-time'],once_day,United States,male,not_in_UK,1,1,1,1,3,2,2,3,4,4,4,2,3,3,3,3,3,4,3,3,4,5,4,4,4,4,3,4,3,6,5,4.125,1,"{'food_fillingness': 1, 'healthiness': 0}","{'comfort': -0.03333333333333333, 'food_fillingness': -0.04, 'healthiness': 0.0}","{'food_fillingness': 0.48, 'healthiness': 0.5}",1,2,4,2,"['soup&maxReadyTime=5000&fillIngredients=true&addRecipeInformation=true&fillIngredients=true&addRecipeInformation=true&number=5', 'stir%20fry&maxReadyTime=5000&excludeIngredients=cheese,soup&fillIngredients=true&addRecipeInformation=true&fillIngredients=true&addRecipeInformation=true&number=5']","['soup', 'stir%20fry']",00:06:42,An interesting new way to search for recipes. ,n/a
Lt_7uLrgvP6H-EwiGKy,5bdf91dbb32fa800012ea282,human,30-49,udergrad,['full-time'],once_day,M√©xico,male,not_in_UK,3,3,3,4,4,3,3,4,5,5,5,5,6,6,6,6,6,6,2,4,6,5,4,6,4,5,6,5,5,6,5,5.125,1,"{'food_fillingness': 1, 'healthiness': 0}","{'comfort': 0.0, 'food_fillingness': 0.0, 'healthiness': -0.02}","{'food_fillingness': 0.5, 'healthiness': 0.49}",1,1,2,1,['soup&maxReadyTime=21&fillIngredients=true&addRecipeInformation=true&fillIngredients=true&addRecipeInformation=true&number=5'],['soup'],00:11:23,Excellent Studio I think the assistants are still lacking a lot. It will be almost impossible to predict the human being. They help but they are missing. I've had bad experiences with ChatBots. ,Cora was very kind ... The feeling was real as if she talked to someone. But the results did not convince me at all. 
Lt_7z6FALg8whlucT7h,5cb8a8ac317b170001412c87,human,30-49,college,['full-time'],once_day,Portugal,male,not_in_UK,4,5,4,3,4,4,5,5,5,5,5,6,6,4,5,6,6,5,0,6,6,5,4,6,6,5,4,5,5,6,6,5.25,1,"{'food_fillingness': -1, 'healthiness': 0}","{'comfort': -0.03333333333333333, 'food_fillingness': -0.04, 'healthiness': 0.0}","{'food_fillingness': -0.52, 'healthiness': 0.5}",1,1,1,1,['onion&maxReadyTime=21&fillIngredients=true&addRecipeInformation=true&fillIngredients=true&addRecipeInformation=true&number=5'],['onion'],00:03:31,not at this time,nothing to share
Lt_836z6Ju3FqGdZ7By,5d7f8ffae664ab001967d9d3,human,18-29,college,['part-time'],once_day,Estonia,other,not_in_UK,3,4,4,2,4,5,3,6,4,6,6,6,6,6,6,4,6,4,1,5,4,6,6,5,6,4,5,5,6,6,6,5.25,1,"{'food_fillingness': 1, 'healthiness': 0}","{'comfort': 0.0, 'food_fillingness': 0.0, 'healthiness': 0.02}","{'food_fillingness': 0.5, 'healthiness': 0.51}",3,1,3,1,['soup&maxReadyTime=5000&fillIngredients=true&addRecipeInformation=true&fillIngredients=true&addRecipeInformation=true&number=5'],['soup'],00:04:09,Video or spoken recipes would be a great addition,
Lt_8Y9Zwbl_mRKVzJW0,5d3873197860c8001a106e02,human,18-29,secondary,['full-time'],several_t_w,Hungary,male,not_in_UK,4,5,5,3,3,4,5,6,6,6,6,6,6,6,6,6,6,6,0,6,6,6,6,6,6,6,6,6,6,6,5,5.875,1,"{'food_fillingness': -1, 'healthiness': 0}","{'comfort': -0.016666666666666666, 'food_fillingness': -0.02, 'healthiness': 0.02}","{'food_fillingness': -0.51, 'healthiness': 0.51}",2,2,4,2,"['onion&maxReadyTime=21&fillIngredients=true&addRecipeInformation=true&fillIngredients=true&addRecipeInformation=true&number=5', 'fennel&maxReadyTime=21&excludeIngredients=kale,spinach&fillIngredients=true&addRecipeInformation=true&fillIngredients=true&addRecipeInformation=true&number=5']","['onion', 'fennel']",,,
Lt_DPYzu4IO_q4Qgqhv,5da03c3607c83700140a3d8f,human,18-29,graduate,['full-time'],once_day,Portugal,female,not_in_UK,0,4,4,3,0,5,3,5,3,3,4,6,6,6,6,5,6,5,0,6,6,5,4,5,4,5,4,3,3,6,4,4.625,1,"{'food_fillingness': 1, 'healthiness': -1}","{'comfort': 0.08333333333333333, 'food_fillingness': 0.1, 'healthiness': -0.06}","{'food_fillingness': 0.55, 'healthiness': -0.030000000000000027}",1,3,1,2,"['moussaka&maxReadyTime=21&fillIngredients=true&addRecipeInformation=true&fillIngredients=true&addRecipeInformation=true&number=5', 'moussaka&maxReadyTime=21&fillIngredients=true&addRecipeInformation=true&fillIngredients=true&addRecipeInformation=true&number=5', 'bread&maxReadyTime=21&fillIngredients=true&addRecipeInformation=true&fillIngredients=true&addRecipeInformation=true&number=5']","['moussaka', 'bread']",00:08:15,It was pretty pleasant,"The first 2 times I tried to chat with Cora, the system crashed"
Lt_IPA9BlLlDo8697MQ,5c5d821f82757f0001347ea4,human,50-69,secondary,['part-time'],once_day,England,female,not_in_UK,3,3,4,1,5,4,6,5,5,4,5,5,4,3,3,4,5,4,0,6,1,4,3,4,4,4,4,4,4,6,2,3.25,1,"{'food_fillingness': 1, 'healthiness': 1}","{'comfort': -0.1, 'food_fillingness': -0.12, 'healthiness': 0.06}","{'food_fillingness': 0.44, 'healthiness': 1}",1,1,2,1,['salmon&maxReadyTime=5000&fillIngredients=true&addRecipeInformation=true&fillIngredients=true&addRecipeInformation=true&number=5'],['salmon'],00:07:13,great idea!,would be great to use when you havent an idea of what to cook!
Lt_IQ8jE_MqAF35EJxk,59f8868e05d1d60001f1464d,human,30-49,udergrad,['full-time'],once_w,United Kingdom,male,born_here,4,4,5,4,5,5,5,6,5,5,5,6,5,5,6,5,6,5,1,5,6,5,5,6,5,5,5,5,5,6,5,5.25,1,"{'food_fillingness': -1, 'healthiness': 0}","{'comfort': -0.016666666666666666, 'food_fillingness': -0.02, 'healthiness': 0.02}","{'food_fillingness': -0.51, 'healthiness': 0.51}",1,1,2,1,['onion&maxReadyTime=21&fillIngredients=true&addRecipeInformation=true&fillIngredients=true&addRecipeInformation=true&number=5'],['onion'],00:06:18,It went better than I expected it too especially when I said recipe doesn't look great but I would give it a go.  I then got an alternative which I was surprised about.,No thanks
Lt_IQK6h23ZiU-DhX0Y,5b0eedb316768100010f9023,human,30-49,udergrad,['full-time'],once_day,Winshester,male,born_here,5,3,4,4,3,5,0,5,3,4,4,2,6,5,5,5,6,5,1,5,1,3,3,4,3,4,5,4,4,6,3,3.25,1,"{'food_fillingness': 1, 'healthiness': 0}","{'comfort': 0.1, 'food_fillingness': 0.12, 'healthiness': 0.04}","{'food_fillingness': 0.56, 'healthiness': 0.52}",1,1,2,1,['rice%20&maxReadyTime=21&excludeIngredients=fish&fillIngredients=true&addRecipeInformation=true&fillIngredients=true&addRecipeInformation=true&number=5'],['rice%20'],00:05:07,,
Lt_IQtl9IGoUrNmaP2Q,5cfd098ecfcee60001c251d6,human,18-29,udergrad,['student'],several_t_w,Portugal,male,not_in_UK,3,3,5,4,5,5,4,5,5,5,6,6,2,6,6,6,6,5,0,6,5,4,6,6,5,5,4,5,5,6,5,5,1,"{'food_fillingness': 1, 'healthiness': 1}","{'comfort': 0.0, 'food_fillingness': 0.0, 'healthiness': 0.02}","{'food_fillingness': 0.5, 'healthiness': 1}",1,1,5,1,['salmon&maxReadyTime=21&fillIngredients=true&addRecipeInformation=true&fillIngredients=true&addRecipeInformation=true&number=5'],['salmon'],00:11:52,I asked if she only has salmon recipes and she wasnt capable to give me another recipe without salmon,
Lt_IQxjtuvGI0hMvIPA,5c13ea66afe26c00014d8f05,human,18-29,udergrad,['student'],several_t_w,Portugal,male,not_in_UK,0,4,3,3,0,4,5,0,1,2,2,2,2,1,2,3,2,1,5,1,4,3,1,4,3,5,4,2,2,6,2,3.25,1,"{'food_fillingness': -1, 'healthiness': 1}","{'comfort': 0.03333333333333333, 'food_fillingness': 0.04, 'healthiness': -0.08}","{'food_fillingness': -0.48, 'healthiness': 0.96}",0,3,5,3,"['broccoli&maxReadyTime=21&fillIngredients=true&addRecipeInformation=true&fillIngredients=true&addRecipeInformation=true&number=5', 'spinach&maxReadyTime=21&excludeIngredients=broccoli&fillIngredients=true&addRecipeInformation=true&fillIngredients=true&addRecipeInformation=true&number=5', 'tomatoes&maxReadyTime=21&excludeIngredients=broccoli,spinach&fillIngredients=true&addRecipeInformation=true&fillIngredients=true&addRecipeInformation=true&number=5']","['broccoli', 'spinach', 'tomatoes']",00:08:25,Not as interactive as I thought it would be,
Lt_ISCNHZnNY_L5zN4G,5b5737d3afbff4000112d2f8,human,18-29,secondary,['full-time'],once_day,Portugal,male,not_in_UK,3,2,5,2,3,5,5,6,6,6,6,6,3,6,6,6,6,3,0,6,6,6,5,6,6,6,3,6,6,6,6,5.5,1,"{'food_fillingness': -1, 'healthiness': 0}","{'comfort': -0.016666666666666666, 'food_fillingness': -0.02, 'healthiness': 0.08}","{'food_fillingness': -0.51, 'healthiness': 0.54}",1,1,3,1,['onion&maxReadyTime=21&intolerances=gluten&excludeIngredients=gluten&fillIngredients=true&addRecipeInformation=true&fillIngredients=true&addRecipeInformation=true&number=5'],['onion'],00:06:31,I loved it. I would totally use it in the future.,Amazing study. Keep the fantastic work.
Lt_IUF_zmOLLyki2_Zb,5c6eb542045a21000126ab53,human,30-49,graduate,"['student', 'unemployed']",once_day,The Netherlands ,female,not_in_UK,4,3,4,2,3,4,3,5,4,3,4,5,6,4,3,5,6,3,3,3,3,4,5,6,6,5,5,4,5,6,6,5,1,"{'food_fillingness': -1, 'healthiness': 1}","{'comfort': 0.0, 'food_fillingness': 0.0, 'healthiness': 0.06}","{'food_fillingness': -0.5, 'healthiness': 1}",2,1,3,1,['broccoli&maxReadyTime=5000&fillIngredients=true&addRecipeInformation=true&fillIngredients=true&addRecipeInformation=true&number=5'],['broccoli'],00:08:22,All went really well,
Lt_Idd-8rp-n1S_Q0XS,5d04c56a0b54cc0001dad608,human,50-69,college,['part-time'],once_day,UK,female,born_here,4,3,5,2,5,4,4,5,3,4,4,5,6,4,6,5,6,4,0,6,4,4,4,6,6,6,5,3,4,6,5,5,1,"{'food_fillingness': 1, 'healthiness': 0}","{'comfort': -0.05, 'food_fillingness': -0.06, 'healthiness': 0.08}","{'food_fillingness': 0.47, 'healthiness': 0.54}",3,1,3,1,['soup&maxReadyTime=21&fillIngredients=true&addRecipeInformation=true&fillIngredients=true&addRecipeInformation=true&number=5'],['soup'],00:03:50,Good fun,No
Lt_JI3FZhFz7G3Sfj93,5c676d436f250200012a04e8,human,30-49,udergrad,['student'],once_day,United States,female,not_in_UK,3,1,3,2,4,4,3,2,5,4,4,3,6,2,5,5,5,3,4,2,4,3,4,5,5,5,6,4,4,6,6,4.75,1,"{'food_fillingness': -1, 'healthiness': 1}","{'comfort': -0.016666666666666666, 'food_fillingness': -0.02, 'healthiness': 0.06}","{'food_fillingness': -0.51, 'healthiness': 1}",1,1,1,1,['broccoli&maxReadyTime=21&diet=vegan&excludeIngredients=meat&fillIngredients=true&addRecipeInformation=true&fillIngredients=true&addRecipeInformation=true&number=5'],['broccoli'],00:05:57,,
Lt_Kktmuhx7uMk-gARw,599be413e6e73e00018726a3,human,30-49,udergrad,['full-time'],once_day,United Kingdom,male,born_here,4,4,4,3,5,5,6,2,3,4,4,1,4,1,4,4,4,0,6,0,4,4,4,4,4,4,4,3,3,6,4,4,1,"{'food_fillingness': 1, 'healthiness': 0}","{'comfort': -0.05, 'food_fillingness': -0.06, 'healthiness': 0.02}","{'food_fillingness': 0.47, 'healthiness': 0.51}",0,1,2,1,['soup&maxReadyTime=21&fillIngredients=true&addRecipeInformation=true&fillIngredients=true&addRecipeInformation=true&number=5'],['soup'],00:10:07,Some of her responses seemed unlikely / not genuine (very few people go on 'vacation' in High Wycombe.),I liked that it was quick.
LtZiQGBl22q7MJxszhF,5cd168e9f651de0015a062d2,NONE,18-29,college,['student'],several_t_w,Spain,female,not_in_UK,3,1,2,1,3,4,3,5,5,5,5,5,3,5,6,5,5,5,2,4,5,5,4,6,5,5,4,5,5,6,5,4.875,1,"{'food_fillingness': -1, 'healthiness': 0}","{'comfort': -0.016666666666666666, 'food_fillingness': -0.02, 'healthiness': 0.06}","{'food_fillingness': -0.51, 'healthiness': 0.53}",2,2,4,2,"['onion&maxReadyTime=5000&fillIngredients=true&addRecipeInformation=true&fillIngredients=true&addRecipeInformation=true&number=5', 'fennel&maxReadyTime=5000&excludeIngredients=onion&fillIngredients=true&addRecipeInformation=true&fillIngredients=true&addRecipeInformation=true&number=5']","['onion', 'fennel']",00:06:44,It was fun!,
LtZiREPJGQBV-0HgutW,5ce16d99dd4e16001971d693,NONE,30-49,udergrad,['full-time'],once_day,uk,female,born_here,3,4,3,4,6,2,2,6,6,5,6,6,6,6,6,6,6,6,0,6,5,4,3,6,6,6,4,2,5,6,3,4.625,1,"{'food_fillingness': -1, 'healthiness': 1}","{'comfort': -0.03333333333333333, 'food_fillingness': -0.04, 'healthiness': -0.04}","{'food_fillingness': -0.52, 'healthiness': 0.98}",1,1,4,1,['broccoli&maxReadyTime=5000&fillIngredients=true&addRecipeInformation=true&fillIngredients=true&addRecipeInformation=true&number=5'],['broccoli'],00:18:27,Good,Good
LtZiRP79MNyQLB85C4e,5c486433929dc500011c908a,NONE,18-29,udergrad,['student'],once_day,Portugal,female,not_in_UK,5,4,5,3,5,5,5,5,5,6,5,6,3,5,6,5,5,4,0,6,4,5,5,6,5,6,4,5,5,6,6,5.125,1,"{'food_fillingness': 1, 'healthiness': 1}","{'comfort': -0.03333333333333333, 'food_fillingness': -0.04, 'healthiness': 0.06}","{'food_fillingness': 0.48, 'healthiness': 1}",2,1,2,1,['%20salad&maxReadyTime=21&diet=vegan&fillIngredients=true&addRecipeInformation=true&fillIngredients=true&addRecipeInformation=true&number=5'],['%20salad'],00:05:53,,
LtZiSMOL2yXCOwOoEJI,59ba957d3a9ab60001118fc2,NONE,30-49,graduate,['full-time'],several_t_w,Portugal,male,not_in_UK,2,2,3,3,4,5,5,3,4,4,4,5,0,0,3,0,3,0,0,6,3,5,3,6,4,3,3,4,3,6,4,3.875,1,"{'food_fillingness': -1, 'healthiness': 1}","{'comfort': -0.016666666666666666, 'food_fillingness': -0.02, 'healthiness': 0.0}","{'food_fillingness': -0.51, 'healthiness': 1}",1,1,1,1,['broccoli&maxReadyTime=21&diet=vegan&fillIngredients=true&addRecipeInformation=true&fillIngredients=true&addRecipeInformation=true&number=5'],['broccoli'],00:03:09,She's very fast. Well done,"None, thanks."
LtZiTiiyXUGT891J_1B,5d6bbd83a9d20a0001de4c75,NONE,18-29,college,['full-time'],once_w,England,male,born_here,4,3,4,4,5,3,4,4,4,5,5,4,2,4,4,4,4,4,4,2,3,4,4,5,5,5,4,5,5,6,4,4.25,1,"{'food_fillingness': 1, 'healthiness': 1}","{'comfort': -0.03333333333333333, 'food_fillingness': -0.04, 'healthiness': 0.02}","{'food_fillingness': 0.48, 'healthiness': 1}",1,1,1,1,['salmon&maxReadyTime=21&fillIngredients=true&addRecipeInformation=true&fillIngredients=true&addRecipeInformation=true&number=5'],['salmon'],00:03:24,,
LtZiTq0_XSNfdK5wC5j,5dae25fc2e361800135fbd02,NONE,50-69,graduate,['full-time'],several_t_w,United States,female,not_in_UK,5,4,5,1,3,2,4,5,3,3,4,3,4,5,4,2,5,4,5,1,3,4,6,4,5,3,5,3,4,6,5,4.375,1,"{'food_fillingness': -1, 'healthiness': 0}","{'comfort': -0.06666666666666667, 'food_fillingness': -0.08, 'healthiness': 0.1}","{'food_fillingness': -0.54, 'healthiness': 0.55}",0,1,1,1,['onion&maxReadyTime=21&fillIngredients=true&addRecipeInformation=true&fillIngredients=true&addRecipeInformation=true&number=5'],['onion'],00:03:59,Cora was a bit slow to react sometimes. She could be a bit more responsive.,
LtZiYHJzlpn0H_Eat4G,5d3067ad3c028b001782ab68,NONE,18-29,udergrad,"['part-time', 'student']",several_t_w,Poland,male,not_in_UK,1,4,2,3,6,4,4,5,5,5,5,4,2,4,5,5,5,4,1,5,3,5,4,6,4,4,5,5,5,6,4,4.375,1,"{'food_fillingness': 1, 'healthiness': 0}","{'comfort': -0.05, 'food_fillingness': -0.06, 'healthiness': -0.08}","{'food_fillingness': 0.47, 'healthiness': 0.46}",1,1,5,1,['soup&maxReadyTime=5000&fillIngredients=true&addRecipeInformation=true&fillIngredients=true&addRecipeInformation=true&number=5'],['soup'],00:12:54,"A little explanation at the beginning about interacting with Cora would be nice. Like the type of questions one can ask her, topics she can talk about etc. That would make it easier to interact with her.",
LtZiq64vu6G-8rm2Oed,5b212164cfbf200001cfb3ad,NONE,18-29,secondary,['student'],several_t_w,Portugal,male,not_in_UK,1,5,3,4,6,6,5,2,3,2,3,1,2,2,2,2,5,4,2,4,1,1,1,5,4,4,4,5,3,6,4,3,0,"{'food_fillingness': 1, 'healthiness': 1}","{'comfort': -0.016666666666666666, 'food_fillingness': -0.02, 'healthiness': -0.1}","{'food_fillingness': 0.49, 'healthiness': 0.95}",2,1,4,1,['salmon&maxReadyTime=21&fillIngredients=true&addRecipeInformation=true&fillIngredients=true&addRecipeInformation=true&number=5'],['salmon'],00:04:35,,
LtZj5rJiFrPxxNk0wlz,5c4d7aa4d3a5e30001834302,NONE,30-49,college,['part-time'],once_day,i was born here??,male,born_here,5,3,5,3,5,4,2,1,3,3,3,2,2,1,1,3,4,2,4,2,1,2,0,5,3,5,3,2,2,6,1,2.5,0,"{'food_fillingness': 1, 'healthiness': 1}","{'comfort': 0.0, 'food_fillingness': 0.0, 'healthiness': 0.08}","{'food_fillingness': 0.5, 'healthiness': 1}",2,2,5,2,"['salmon&maxReadyTime=21&fillIngredients=true&addRecipeInformation=true&fillIngredients=true&addRecipeInformation=true&number=5', '%20salad&maxReadyTime=21&excludeIngredients=salmon&fillIngredients=true&addRecipeInformation=true&fillIngredients=true&addRecipeInformation=true&number=5']","['salmon', '%20salad']",00:06:45,"she didnt seem able to respond to questions outside of her algorithm. I asked for meat- she gave me a salad. i said i was hungry,....she offered an avocado salad..not really filling.",
LtZwDlwD-XZ0V16PSjO,5bafd12a70f8df0001be84a7,NONE,30-49,graduate,['full-time'],several_t_w,Poland,male,5_to_10y,3,2,3,4,4,5,3,5,6,6,6,4,2,5,4,5,6,4,1,5,5,6,6,6,6,4,3,6,6,6,5,5.125,1,"{'food_fillingness': 1, 'healthiness': 1}","{'comfort': 0.03333333333333333, 'food_fillingness': 0.04, 'healthiness': 0.0}","{'food_fillingness': 0.52, 'healthiness': 1}",0,1,2,1,['salmon&maxReadyTime=21&fillIngredients=true&addRecipeInformation=true&fillIngredients=true&addRecipeInformation=true&number=5'],['salmon'],00:13:24,"Slightly unnatural, though comfortable, were Cora's quick responses.",no
LtZwE8BvK0hj9B8DO_I,5d820531b677580001847761,NONE,18-29,udergrad,['student'],several_t_w,greece,female,not_in_UK,3,4,3,3,5,4,5,6,6,6,6,6,4,6,6,6,6,5,1,5,6,6,6,6,6,6,6,6,6,6,6,6,1,"{'food_fillingness': 1, 'healthiness': 1}","{'comfort': -0.05, 'food_fillingness': -0.06, 'healthiness': -0.02}","{'food_fillingness': 0.47, 'healthiness': 0.99}",0,1,2,1,['salmon&maxReadyTime=21&fillIngredients=true&addRecipeInformation=true&fillIngredients=true&addRecipeInformation=true&number=5'],['salmon'],"It was a very pleasant experience, Cora was fantastic!",the study was very interesting,
LtZwEd8Q9-V17rfkHbt,5d84e6c5e1adea00016d2a45,NONE,18-29,college,['student'],occasionnaly,Poland,male,not_in_UK,3,1,3,2,1,3,1,6,4,2,3,6,2,4,4,6,6,5,2,4,3,4,4,4,4,4,4,4,4,6,5,4,1,"{'food_fillingness': 0, 'healthiness': 0}","{'comfort': 0.05, 'food_fillingness': 0.06, 'healthiness': 0.06}","{'food_fillingness': 0.03, 'healthiness': 0.53}",1,1,1,1,['beans&maxReadyTime=21&fillIngredients=true&addRecipeInformation=true&fillIngredients=true&addRecipeInformation=true&number=5'],['beans'],00:02:48,,
LtZwHOtZw_px2HdQ4Xf,5c59b060c16a6a0001c09337,NONE,30-49,udergrad,['full-time'],once_day,Portugal,male,not_in_UK,1,5,4,3,5,5,2,4,6,6,6,5,0,4,6,1,3,1,6,0,6,4,4,5,6,0,0,6,6,6,5,3.75,1,"{'food_fillingness': -1, 'healthiness': 0}","{'comfort': 0.016666666666666666, 'food_fillingness': 0.02, 'healthiness': -0.06}","{'food_fillingness': -0.49, 'healthiness': 0.47}",2,2,5,2,"['onion&maxReadyTime=21&fillIngredients=true&addRecipeInformation=true&fillIngredients=true&addRecipeInformation=true&number=5', 'pepper&maxReadyTime=21&excludeIngredients=kale&fillIngredients=true&addRecipeInformation=true&fillIngredients=true&addRecipeInformation=true&number=5']","['onion', 'pepper']",00:15:58,"Out of the recipes Cora gave me, two of them did not allow to see the recipe on the link provided. One on ""FoodNetwork"" that just redirected me to the main page and one on ""Wholeliving"" that just returned a 404 Not found. ",
LtZwIPRLvCzXcVpnkEW,5d0a5e869b4ee500013d5575,NONE,30-49,udergrad,['full-time'],several_t_w,UK,male,born_here,2,3,2,3,1,3,5,4,2,4,4,4,1,3,4,4,4,4,2,4,1,5,5,5,4,3,4,4,5,6,4,3.875,1,"{'food_fillingness': 1, 'healthiness': 0}","{'comfort': 0.0, 'food_fillingness': 0.0, 'healthiness': -0.04}","{'food_fillingness': 0.5, 'healthiness': 0.48}",0,1,1,1,['soup&maxReadyTime=21&fillIngredients=true&addRecipeInformation=true&fillIngredients=true&addRecipeInformation=true&number=5'],['soup'],00:07:22,Very clever it was obviously automated but it shows whats possible in the future well done :0),I have done alot of studies and i found this quite interesting and useful
LtZwOiXAUO_5CLe7gxK,5cbcd05c56524100013b19c0,NONE,18-29,udergrad,['full-time'],once_day,Latvia,female,not_in_UK,1,2,4,2,4,4,3,0,0,0,0,1,1,2,4,4,5,2,5,1,0,0,0,4,0,2,0,0,0,6,0,0.75,0,"{'food_fillingness': -1, 'healthiness': -1}","{'comfort': -0.016666666666666666, 'food_fillingness': -0.02, 'healthiness': 0.02}","{'food_fillingness': -0.51, 'healthiness': 0.010000000000000009}",0,1,5,1,['pepper&maxReadyTime=21&fillIngredients=true&addRecipeInformation=true&fillIngredients=true&addRecipeInformation=true&number=5'],['pepper'],00:07:52,"Cora didn't consider what I wanted. I asked for something with chicken in it, but she didn't give me anything.",
LtZwWL-awVMU8HbxLzA,5d8896bd68b5810019745311,NONE,18-29,graduate,['full-time'],once_day,Belgium,female,not_in_UK,5,1,5,1,4,4,5,5,4,4,4,5,1,5,6,5,6,5,1,5,5,5,3,5,5,4,3,4,4,6,4,4.25,1,"{'food_fillingness': 1, 'healthiness': 1}","{'comfort': -0.06666666666666667, 'food_fillingness': -0.08, 'healthiness': 0.16}","{'food_fillingness': 0.46, 'healthiness': 1}",2,2,3,2,"['salmon&maxReadyTime=21&fillIngredients=true&addRecipeInformation=true&fillIngredients=true&addRecipeInformation=true&number=5', '%20salad&maxReadyTime=21&excludeIngredients=fish&fillIngredients=true&addRecipeInformation=true&fillIngredients=true&addRecipeInformation=true&number=5']","['salmon', '%20salad']",00:07:16,"I don't really want to share something, I think the chatting went well.",
LtZwz0qP6JONSPTP-NA,5c976a80bfb5690001eeeb84,NONE,50-69,PhD,['full-time'],several_t_w,"Patras, Greece.",male,not_in_UK,3,2,3,2,5,4,5,6,6,6,6,6,3,6,6,6,6,4,0,6,4,6,6,6,6,5,4,6,6,6,6,5.375,1,"{'food_fillingness': -1, 'healthiness': 0}","{'comfort': -0.06666666666666667, 'food_fillingness': -0.08, 'healthiness': 0.04}","{'food_fillingness': -0.54, 'healthiness': 0.52}",2,1,2,1,['onion&maxReadyTime=5000&fillIngredients=true&addRecipeInformation=true&fillIngredients=true&addRecipeInformation=true&number=5'],['onion'],00:12:31,The conversation was interesting.,I liked this study.
LtZyvQ32_jX6RR6KnMh,5d8125f63d05eb0001731115,NONE,18-29,udergrad,['part-time'],once_day,Bulgaria,female,5_to_10y,3,3,4,3,4,4,1,2,5,6,6,5,4,3,1,4,5,3,2,4,5,4,4,6,5,4,1,6,6,6,2,3.875,1,"{'food_fillingness': 1, 'healthiness': 0}","{'comfort': 0.03333333333333333, 'food_fillingness': 0.04, 'healthiness': 0.02}","{'food_fillingness': 0.52, 'healthiness': 0.51}",2,1,3,1,"['rice%20&maxReadyTime=5000&excludeIngredients=fish,avocado&fillIngredients=true&addRecipeInformation=true&fillIngredients=true&addRecipeInformation=true&number=5']",['rice%20'],00:06:07,"I had to restart the study because Cora broke and stopped replying. On the second try, Cora ignored that I said I don't like spicy food before giving me a recipe. I had to repeat that I don't like spicy food.","I liked this study, it was engaging and exciting."
Lt_0kwrB7gErGHqs96x,592f1045bb4ce30001bd4fba,NONE,18-29,graduate,['full-time'],once_day,Portugal,male,not_in_UK,0,2,2,3,4,5,4,3,4,5,4,6,1,4,5,5,5,3,1,5,6,5,3,6,6,5,5,5,4,6,5,5.125,1,"{'food_fillingness': -1, 'healthiness': 0}","{'comfort': 0.0, 'food_fillingness': 0.0, 'healthiness': -0.06}","{'food_fillingness': -0.5, 'healthiness': 0.47}",1,2,4,2,"['onion&maxReadyTime=21&fillIngredients=true&addRecipeInformation=true&fillIngredients=true&addRecipeInformation=true&number=5', 'pepper&maxReadyTime=21&excludeIngredients=avocado,spinach&fillIngredients=true&addRecipeInformation=true&fillIngredients=true&addRecipeInformation=true&number=5']","['onion', 'pepper']",00:06:13,,
Lt_0lOP29y0p7JR2-63,5d7df958cb6cf00001399929,NONE,30-49,graduate,['full-time'],occasionnaly,Hungary,male,not_in_UK,0,3,3,2,3,4,4,6,4,4,4,6,3,6,6,6,6,6,0,6,6,4,5,6,5,6,4,4,4,6,5,5.125,1,"{'food_fillingness': -1, 'healthiness': 0}","{'comfort': -0.016666666666666666, 'food_fillingness': -0.02, 'healthiness': -0.04}","{'food_fillingness': -0.51, 'healthiness': 0.48}",3,1,4,1,['onion&maxReadyTime=21&fillIngredients=true&addRecipeInformation=true&fillIngredients=true&addRecipeInformation=true&number=5'],['onion'],"It was a lovely experience chatting with Cora, thank you :) ",,
Lt_0lnzQs6kyx7qE8jQ,5d893d3fc993870001ccd14e,NONE,18-29,graduate,['full-time'],once_day,Poland,male,not_in_UK,2,3,1,3,1,2,2,6,5,5,6,6,2,6,5,6,6,6,0,6,4,5,5,6,5,5,3,4,5,6,4,4.625,1,"{'food_fillingness': 1, 'healthiness': 1}","{'comfort': 0.03333333333333333, 'food_fillingness': 0.04, 'healthiness': -0.06}","{'food_fillingness': 0.52, 'healthiness': 0.97}",2,1,3,1,['salmon&maxReadyTime=21&fillIngredients=true&addRecipeInformation=true&fillIngredients=true&addRecipeInformation=true&number=5'],['salmon'],00:07:01,,
Lt_0mwe8LLjZN4SfF-Q,5db29ce254945b003c8ef699,NONE,18-29,college,['unemployed'],once_day,UK,female,not_in_UK,5,4,4,3,5,4,4,5,6,6,6,3,1,4,5,4,5,4,0,6,4,5,3,5,5,1,4,6,6,6,5,4,1,"{'food_fillingness': -1, 'healthiness': 1}","{'comfort': -0.03333333333333333, 'food_fillingness': -0.04, 'healthiness': 0.04}","{'food_fillingness': -0.52, 'healthiness': 1}",3,1,3,1,['broccoli&maxReadyTime=5000&diet=vegan&fillIngredients=true&addRecipeInformation=true&fillIngredients=true&addRecipeInformation=true&number=5'],['broccoli'],00:12:36,I was not sure how to respond to her when she gave me recipes because she just gave it to you and asked if it was good or not.,It was a fun exercise to interact with a program for this purpose because I personally would love to use something like this in the future.
Lt_0nZDfbHx80NQpfvl,5c84014bd34170000141b8d6,NONE,30-49,PhD,['full-time'],once_w,USA,female,not_in_UK,1,1,1,3,1,3,2,3,3,4,4,5,5,6,6,5,5,5,0,6,3,4,4,6,6,6,5,4,3,6,4,4.75,1,"{'food_fillingness': -1, 'healthiness': 1}","{'comfort': 0.05, 'food_fillingness': 0.06, 'healthiness': -0.04}","{'food_fillingness': -0.47, 'healthiness': 0.98}",0,1,1,1,['broccoli&maxReadyTime=21&fillIngredients=true&addRecipeInformation=true&fillIngredients=true&addRecipeInformation=true&number=5'],['broccoli'],00:02:30,she should ask what ingredients we have available in the fridge/pantry,none. thank you. 
Lt_0o_n_jlJbnBAf4ex,5ace82e135eccf0001a11c96,NONE,50-69,udergrad,['unemployed'],once_w,UK,female,born_here,1,2,6,3,2,1,1,4,3,3,3,6,1,4,5,4,5,4,2,4,2,2,1,6,3,6,1,3,3,6,4,3.125,1,"{'food_fillingness': -1, 'healthiness': 1}","{'comfort': 0.016666666666666666, 'food_fillingness': 0.02, 'healthiness': 0.04}","{'food_fillingness': -0.49, 'healthiness': 1}",2,2,3,2,"['broccoli&maxReadyTime=21&diet=vegan&fillIngredients=true&addRecipeInformation=true&fillIngredients=true&addRecipeInformation=true&number=5', 'spinach&maxReadyTime=21&diet=vegan&excludeIngredients=garlic,lemon&fillIngredients=true&addRecipeInformation=true&fillIngredients=true&addRecipeInformation=true&number=5']","['broccoli', 'spinach']",00:11:45,"It was easy to interact with Cora, but it would be better for her to recommend various recipes first by just the name, and then let the user pick the one that appealed more and to then get the recipe ingredients and how to make it.",
Lt_0r-Zrb8M5vg74PYh,5d1cbebd56f8cf0015425d2a,NONE,18-29,secondary,['student'],several_t_w,Poland,female,not_in_UK,1,0,2,2,3,4,2,5,4,4,4,5,3,5,5,5,5,5,2,4,4,5,3,3,4,4,4,2,4,6,4,3.875,1,"{'food_fillingness': 1, 'healthiness': 0}","{'comfort': 0.016666666666666666, 'food_fillingness': 0.02, 'healthiness': 0.02}","{'food_fillingness': 0.51, 'healthiness': 0.51}",1,1,3,1,['soup&maxReadyTime=21&fillIngredients=true&addRecipeInformation=true&fillIngredients=true&addRecipeInformation=true&number=5'],['soup'],00:06:07,,
Lt_1F1emQ5ezUVW_33n,5b222aff59f9620001c109cb,NONE,18-29,udergrad,['unemployed'],several_t_w,Finland,male,not_in_UK,2,2,1,3,2,2,3,6,3,3,4,6,4,5,6,5,5,4,3,3,5,5,5,5,5,6,5,3,4,6,4,5,1,"{'food_fillingness': 0, 'healthiness': 1}","{'comfort': 0.0, 'food_fillingness': 0.0, 'healthiness': -0.04}","{'food_fillingness': 0.0, 'healthiness': 0.98}",0,1,1,1,['carrot&maxReadyTime=5000&fillIngredients=true&addRecipeInformation=true&fillIngredients=true&addRecipeInformation=true&number=5'],['carrot'],00:12:01,It was slow in the end; had to wait. It's amazing how it understood the messages. many ways and words can be used i think.,
Lt_1h8b7u8wYUVw_ZH5,5c65f80affc8240001bf6b8a,NONE,18-29,college,['student'],several_t_w,United Kingdom,female,born_here,2,4,3,4,4,4,4,5,3,3,2,5,1,4,5,5,6,6,1,5,3,3,1,5,4,2,4,3,3,6,5,3.375,1,"{'food_fillingness': 1, 'healthiness': -1}","{'comfort': 0.0, 'food_fillingness': 0.0, 'healthiness': -0.06}","{'food_fillingness': 0.5, 'healthiness': -0.030000000000000027}",0,4,2,3,"['moussaka&maxReadyTime=21&fillIngredients=true&addRecipeInformation=true&fillIngredients=true&addRecipeInformation=true&number=5', 'moussaka&maxReadyTime=21&fillIngredients=true&addRecipeInformation=true&fillIngredients=true&addRecipeInformation=true&number=5', 'fish%20cake&maxReadyTime=21&fillIngredients=true&addRecipeInformation=true&fillIngredients=true&addRecipeInformation=true&number=5', 'wrap&maxReadyTime=21&fillIngredients=true&addRecipeInformation=true&fillIngredients=true&addRecipeInformation=true&number=5']","['moussaka', 'fish%20cake', 'wrap']",00:06:03,"Cora was friendly, it was a fun experience! ",
Lt_52ykAYXGAWqb43kZ,5be385ba24f70e00018b0024,NONE,18-29,graduate,['part-time'],once_day,Portugal,female,1st_y,3,2,3,2,2,5,3,4,4,4,4,5,0,4,4,2,4,3,2,4,1,4,2,5,4,5,1,4,4,6,4,3.25,1,"{'food_fillingness': -1, 'healthiness': 0}","{'comfort': 0.03333333333333333, 'food_fillingness': 0.04, 'healthiness': 0.04}","{'food_fillingness': -0.48, 'healthiness': 0.52}",3,1,4,1,['onion&maxReadyTime=5000&intolerances=dairy&excludeIngredients=dairy&fillIngredients=true&addRecipeInformation=true&fillIngredients=true&addRecipeInformation=true&number=5'],['onion'],00:05:43,,
Lt_7rGWn14wyUu6z0xc,5901cf755b40770001f29ca6,NONE,30-49,PhD,['full-time'],never,france,male,not_in_UK,3,1,3,1,4,4,1,5,2,3,4,5,2,4,5,5,6,4,2,4,5,5,3,6,5,4,4,2,2,6,5,4.625,1,"{'food_fillingness': -1, 'healthiness': 1}","{'comfort': 0.0, 'food_fillingness': 0.0, 'healthiness': 0.08}","{'food_fillingness': -0.5, 'healthiness': 1}",0,1,2,1,['broccoli&maxReadyTime=21&fillIngredients=true&addRecipeInformation=true&fillIngredients=true&addRecipeInformation=true&number=5'],['broccoli'],00:05:04,maybe allow the user to add a specific ingredient,Good luck with your study
Lt_7rwfMV2TjPNX8gnr,5c6244086937550001232ae6,NONE,30-49,college,['full-time'],several_t_w,United States,male,not_in_UK,1,1,0,1,2,2,2,4,5,5,5,4,1,3,3,3,3,3,1,5,5,5,5,5,5,4,4,5,5,6,5,4.75,1,"{'food_fillingness': -1, 'healthiness': 0}","{'comfort': -0.016666666666666666, 'food_fillingness': -0.02, 'healthiness': -0.02}","{'food_fillingness': -0.51, 'healthiness': 0.49}",1,1,1,1,['onion&maxReadyTime=21&fillIngredients=true&addRecipeInformation=true&fillIngredients=true&addRecipeInformation=true&number=5'],['onion'],00:03:56,She was fun and informative!,
Lt_7sCJIdSNG1XK_xYa,5a23f9a9d6fdbc00011c9572,NONE,30-49,college,['full-time'],once_day,Bulgaria,female,more_10y,4,1,3,1,5,0,5,5,6,5,5,6,5,5,5,6,5,4,4,2,5,5,5,6,5,4,5,6,5,6,5,5,1,"{'food_fillingness': -1, 'healthiness': 0}","{'comfort': -0.15, 'food_fillingness': -0.18, 'healthiness': 0.1}","{'food_fillingness': -0.59, 'healthiness': 0.55}",0,1,2,1,['onion&maxReadyTime=21&fillIngredients=true&addRecipeInformation=true&fillIngredients=true&addRecipeInformation=true&number=5'],['onion'],00:04:57,it was ok,positive
Lt_7t8g3Apwq0qdLLxs,5b745aefcaefde0001f08744,NONE,18-29,college,['part-time'],once_day,England,female,born_here,3,3,4,2,3,3,3,4,6,3,5,6,2,4,6,4,6,3,4,2,6,6,6,6,6,5,4,3,6,6,5,5.5,1,"{'food_fillingness': -1, 'healthiness': 0}","{'comfort': -0.016666666666666666, 'food_fillingness': -0.02, 'healthiness': 0.04}","{'food_fillingness': -0.51, 'healthiness': 0.52}",1,1,2,1,['onion&maxReadyTime=5000&fillIngredients=true&addRecipeInformation=true&fillIngredients=true&addRecipeInformation=true&number=5'],['onion'],00:04:04,n/a,n/a
Lt_7tg8SRJYU1gx9B1y,5d31b301d509220001684de5,NONE,30-49,graduate,['full-time'],several_t_w,United Kingdom,male,born_here,4,4,5,4,5,5,5,1,3,3,3,2,2,1,3,2,4,1,2,4,4,2,3,3,3,3,4,3,3,6,3,3.125,1,"{'food_fillingness': -1, 'healthiness': 1}","{'comfort': -0.016666666666666666, 'food_fillingness': -0.02, 'healthiness': 0.02}","{'food_fillingness': -0.51, 'healthiness': 1}",0,11,0,6,"['broccoli&maxReadyTime=21&excludeIngredients=meat,vegetables&fillIngredients=true&addRecipeInformation=true&fillIngredients=true&addRecipeInformation=true&number=5', 'broccoli&maxReadyTime=21&excludeIngredients=meat,vegetables&fillIngredients=true&addRecipeInformation=true&fillIngredients=true&addRecipeInformation=true&number=5', 'spinach&maxReadyTime=21&excludeIngredients=meat,vegetables&fillIngredients=true&addRecipeInformation=true&fillIngredients=true&addRecipeInformation=true&number=5', 'spinach&maxReadyTime=21&excludeIngredients=meat,vegetables&fillIngredients=true&addRecipeInformation=true&fillIngredients=true&addRecipeInformation=true&number=5', 'tomatoes&maxReadyTime=21&excludeIngredients=meat,vegetables&fillIngredients=true&addRecipeInformation=true&fillIngredients=true&addRecipeInformation=true&number=5', 'tomatoes&maxReadyTime=21&excludeIngredients=meat,vegetables&fillIngredients=true&addRecipeInformation=true&fillIngredients=true&addRecipeInformation=true&number=5', 'peas&maxReadyTime=21&excludeIngredients=meat,vegetables&fillIngredients=true&addRecipeInformation=true&fillIngredients=true&addRecipeInformation=true&number=5', 'peas&maxReadyTime=21&excludeIngredients=meat,vegetables&fillIngredients=true&addRecipeInformation=true&fillIngredients=true&addRecipeInformation=true&number=5', 'carrot&maxReadyTime=21&excludeIngredients=meat,vegetables&fillIngredients=true&addRecipeInformation=true&fillIngredients=true&addRecipeInformation=true&number=5', 'carrot&maxReadyTime=21&excludeIngredients=meat,vegetables&fillIngredients=true&addRecipeInformation=true&fillIngredients=true&addRecipeInformation=true&number=5', 'mushrooms&maxReadyTime=21&excludeIngredients=meat,vegetables&fillIngredients=true&addRecipeInformation=true&fillIngredients=true&addRecipeInformation=true&number=5']","['broccoli', 'spinach', 'tomatoes', 'peas', 'carrot', 'mushrooms']",00:03:34,She didn't give me a recipe ,
Lt_7tlLJpmOA3dki2hQ,5769c881c8a90000010d9896,NONE,18-29,college,['unemployed'],several_t_w,United Kingdom,male,born_here,5,2,4,4,4,5,4,5,5,5,6,5,6,5,6,6,6,6,3,3,5,5,5,6,5,5,5,5,5,6,6,5.25,1,"{'food_fillingness': 1, 'healthiness': 1}","{'comfort': 0.016666666666666666, 'food_fillingness': 0.02, 'healthiness': 0.06}","{'food_fillingness': 0.51, 'healthiness': 1}",1,1,3,1,['salmon&maxReadyTime=5000&fillIngredients=true&addRecipeInformation=true&fillIngredients=true&addRecipeInformation=true&number=5'],['salmon'],00:09:50,N/A. ,"I'd be interested in participating in any further studies regarding Cora or other virtual assistants, feel free to contact me on Prolific."
Lt_7tmPu6AzL_d5lCci,5d2eb5cf13d28c001ab7be8a,NONE,30-49,college,['full-time'],once_day,United Kingdom,male,born_here,4,4,4,4,3,4,1,1,1,1,3,6,4,2,4,4,4,3,2,4,0,5,1,6,2,6,4,1,1,6,4,3.5,1,"{'food_fillingness': 1, 'healthiness': 0}","{'comfort': 0.06666666666666667, 'food_fillingness': 0.08, 'healthiness': 0.0}","{'food_fillingness': 0.54, 'healthiness': 0.5}",0,2,5,2,"['rice%20&maxReadyTime=21&fillIngredients=true&addRecipeInformation=true&fillIngredients=true&addRecipeInformation=true&number=5', 'soup&maxReadyTime=21&excludeIngredients=rice,pasta,dish&fillIngredients=true&addRecipeInformation=true&fillIngredients=true&addRecipeInformation=true&number=5']","['rice%20', 'soup']",00:11:13,I really like the idea. I would've been happy to continue the conversation longer to see if I could get a recommendation from Cora that took into account some of the feedback I tried to give during the chat.,
Lt_8695fvXlhBR_dbno,5d4c07075736bc0018d3d811,NONE,30-49,graduate,['full-time'],several_t_w,Portugal ,female,not_in_UK,3,4,5,1,3,4,1,2,6,6,6,6,0,3,6,3,5,4,2,4,5,5,4,6,6,5,0,6,6,6,2,4.125,1,"{'food_fillingness': 1, 'healthiness': 1}","{'comfort': 0.016666666666666666, 'food_fillingness': 0.02, 'healthiness': 0.06}","{'food_fillingness': 0.51, 'healthiness': 1}",2,1,3,1,['%20salad&maxReadyTime=21&diet=vegan&intolerances=gluten&excludeIngredients=gluten&fillIngredients=true&addRecipeInformation=true&fillIngredients=true&addRecipeInformation=true&number=5'],['%20salad'],00:06:11,,
Lt_8GxnnDTG44IGVDUy,5c52016a3146f80001d47b26,NONE,18-29,udergrad,['part-time'],once_day,United States,female,not_in_UK,4,4,3,4,4,4,3,4,2,2,2,5,2,4,4,4,4,4,2,4,4,3,4,5,5,4,2,2,2,6,4,3.875,1,"{'food_fillingness': -1, 'healthiness': 0}","{'comfort': 0.016666666666666666, 'food_fillingness': 0.02, 'healthiness': -0.02}","{'food_fillingness': -0.49, 'healthiness': 0.49}",1,1,3,1,['onion&maxReadyTime=21&excludeIngredients=cheese&fillIngredients=true&addRecipeInformation=true&fillIngredients=true&addRecipeInformation=true&number=5'],['onion'],00:06:18,no not really ignored my preference the first time then gave me two very similar recipes,no
Lt_IP5BrY1W8AlGN-MS,5c95017e6357fb0012ef46c4,NONE,30-49,graduate,['full-time'],once_day,UK,other,born_here,4,2,5,3,5,3,4,1,0,0,0,1,0,0,0,0,0,0,6,0,2,0,0,5,3,4,4,0,0,6,0,2.25,0,"{'food_fillingness': 0, 'healthiness': 1}","{'comfort': -0.05, 'food_fillingness': -0.06, 'healthiness': 0.08}","{'food_fillingness': -0.03, 'healthiness': 1}",2,1,5,1,['carrot&maxReadyTime=5000&fillIngredients=true&addRecipeInformation=true&fillIngredients=true&addRecipeInformation=true&number=5'],['carrot'],00:05:36,,Feedback only has 2 Es ; ) 
Lt_IQ0_5tlYQkKWZZ2b,5d7a015cb8c68b0001449a1f,NONE,30-49,college,['full-time'],several_t_w,Brazil,female,not_in_UK,5,3,4,3,5,5,4,6,6,6,6,6,2,6,6,6,6,5,0,6,6,6,6,6,6,6,5,6,6,6,5,5.75,1,"{'food_fillingness': -1, 'healthiness': 0}","{'comfort': -0.016666666666666666, 'food_fillingness': -0.02, 'healthiness': 0.06}","{'food_fillingness': -0.51, 'healthiness': 0.53}",0,1,3,1,['onion&maxReadyTime=5000&fillIngredients=true&addRecipeInformation=true&fillIngredients=true&addRecipeInformation=true&number=5'],['onion'],00:12:24,Thanks for this experience,it was very gratifying to receive this kind of help through an artificial intelligence
Lt_IQQgh6oE--3d1ToQ,5d064feb2f150e001aa0287f,NONE,50-69,secondary,['unemployed'],once_day,United Kingdom,male,born_here,2,4,5,1,4,5,4,5,4,5,5,6,1,5,6,6,6,5,0,6,4,5,5,6,5,5,4,5,4,6,4,4.75,1,"{'food_fillingness': -1, 'healthiness': 1}","{'comfort': -0.03333333333333333, 'food_fillingness': -0.04, 'healthiness': 0.04}","{'food_fillingness': -0.52, 'healthiness': 1}",1,1,2,1,['broccoli&maxReadyTime=21&fillIngredients=true&addRecipeInformation=true&fillIngredients=true&addRecipeInformation=true&number=5'],['broccoli'],00:08:58,the print was small i needed to zoom the page,
Lt_IWbLGuhS6-2GYc7x,5baa56ebb3b5400001ce6dee,NONE,18-29,college,['student'],once_day,Texas,female,not_in_UK,3,1,4,2,5,1,3,4,5,2,4,5,1,5,4,2,3,2,3,3,6,5,4,5,5,5,4,4,4,6,5,4.875,1,"{'food_fillingness': -1, 'healthiness': 0}","{'comfort': -0.08333333333333333, 'food_fillingness': -0.1, 'healthiness': 0.08}","{'food_fillingness': -0.55, 'healthiness': 0.54}",1,1,3,1,['onion&maxReadyTime=5000&excludeIngredients=tomato&fillIngredients=true&addRecipeInformation=true&fillIngredients=true&addRecipeInformation=true&number=5'],['onion'],00:05:31,She gave good recipes and was able to adjust on things I didnt like,
Lt_IZUmZ2cc3BuqV3jn,59dc458f77860e000151240e,NONE,30-49,college,['part-time'],several_t_w,United States,male,not_in_UK,3,0,1,3,0,5,0,5,6,6,6,6,0,4,6,5,6,5,0,6,6,6,6,6,6,5,4,6,6,6,6,5.625,1,"{'food_fillingness': 1, 'healthiness': 1}","{'comfort': 0.13333333333333333, 'food_fillingness': 0.16, 'healthiness': 0.02}","{'food_fillingness': 0.58, 'healthiness': 1}",1,2,5,2,"['salmon&maxReadyTime=21&fillIngredients=true&addRecipeInformation=true&fillIngredients=true&addRecipeInformation=true&number=5', 'rice%20&maxReadyTime=21&excludeIngredients=onion,salmon&fillIngredients=true&addRecipeInformation=true&fillIngredients=true&addRecipeInformation=true&number=5']","['salmon', 'rice%20']",00:06:51,"Cora didn't seem to realize one of my more complicated sentences saying I liked the recipe, but it was a pretty unique sentence. ",It was fun chatting with the bot and the pictures of food looked delicious!
Lt_JF7HSZeDtItaSOD_,5ce19948d4b2a30018dd69a7,NONE,30-49,PhD,['unemployed'],once_day,India,female,more_10y,2,3,3,4,5,3,2,5,5,5,5,6,6,4,4,6,6,5,1,5,1,4,2,6,5,5,2,5,5,6,3,3.5,1,"{'food_fillingness': -1, 'healthiness': 0}","{'comfort': 0.0, 'food_fillingness': 0.0, 'healthiness': -0.04}","{'food_fillingness': -0.5, 'healthiness': 0.48}",0,1,3,1,['onion&maxReadyTime=21&fillIngredients=true&addRecipeInformation=true&fillIngredients=true&addRecipeInformation=true&number=5'],['onion'],00:15:37,"A couple of things during my experience with Cora: - Cora replied with a second recipe when I asked for a substitute for one of the ingredients in the first recipe. - Also, it was difficult to see the full recipe as well as to scroll for the link to the recipe",
LtZhz6d24RKRuaJ0vEx,5b7c89c4db11320001c43c05,robot,18-29,college,['full-time'],once_day,"Alabama, USA",female,not_in_UK,1,3,1,3,3,3,3,6,4,3,4,6,6,6,6,6,6,6,1,5,4,5,4,5,6,6,5,3,3,6,6,5.125,1,"{'food_fillingness': 1, 'healthiness': 1}","{'comfort': 0.0, 'food_fillingness': 0.0, 'healthiness': -0.08}","{'food_fillingness': 0.5, 'healthiness': 0.96}",1,1,1,1,['salmon&maxReadyTime=5000&fillIngredients=true&addRecipeInformation=true&fillIngredients=true&addRecipeInformation=true&number=5'],['salmon'],00:04:36,,
LtZiHj0xXPmlndqLVSE,5c5d09991bca630001ea7cb5,robot,18-29,college,['student'],once_day,Portugal,male,not_in_UK,4,1,4,3,1,5,2,5,6,6,6,6,6,3,3,4,5,3,3,3,6,6,6,6,6,4,2,6,6,6,6,5.25,1,"{'food_fillingness': -1, 'healthiness': 1}","{'comfort': 0.08333333333333333, 'food_fillingness': 0.1, 'healthiness': 0.08}","{'food_fillingness': -0.45, 'healthiness': 1}",1,1,3,1,['spinach&maxReadyTime=5000&fillIngredients=true&addRecipeInformation=true&fillIngredients=true&addRecipeInformation=true&number=5'],['spinach'],00:06:11,,
LtZiPwlIo6CbDQ0aAaH,5d7d75f4ea2fe40001dff5a4,robot,30-49,college,['full-time'],once_day,"blackburn, england",female,born_here,4,4,3,4,5,4,5,5,5,5,6,5,6,5,5,5,6,5,0,6,5,6,5,6,6,6,4,5,6,6,5,5.375,1,"{'food_fillingness': -1, 'healthiness': 1}","{'comfort': -0.03333333333333333, 'food_fillingness': -0.04, 'healthiness': -0.02}","{'food_fillingness': -0.52, 'healthiness': 0.99}",1,1,1,1,['broccoli&maxReadyTime=21&fillIngredients=true&addRecipeInformation=true&fillIngredients=true&addRecipeInformation=true&number=5'],['broccoli'],00:03:29,its a good idea!,no
LtZiRjjqLwNOXh3g-KL,5c56550e54f9d30001db7f50,robot,30-49,graduate,['unemployed'],once_w,United Kingdom,male,born_here,5,2,2,1,4,5,5,4,1,4,5,5,6,5,5,4,4,5,2,4,5,5,5,4,5,4,6,3,5,6,5,4.875,1,"{'food_fillingness': 0, 'healthiness': 0}","{'comfort': -0.05, 'food_fillingness': -0.06, 'healthiness': 0.08}","{'food_fillingness': -0.03, 'healthiness': 0.54}",1,1,3,1,['beans&maxReadyTime=5000&fillIngredients=true&addRecipeInformation=true&fillIngredients=true&addRecipeInformation=true&number=5'],['beans'],00:04:51,"dislike the sentences about hard drives, usb sticks, and bytes. i know its a bot, but to feel more related to it, it has to sound more human like. and for a non technical person, the information given is hard to read.",it worked smoothly
LtZiTSV50aI1IMtnsFb,598c282ccceb0f0001b39660,robot,50-69,udergrad,['full-time'],once_day,Uk,male,born_here,2,5,3,3,5,3,2,2,0,0,0,4,6,1,5,2,6,3,0,6,5,1,3,5,5,4,3,0,0,6,5,3.875,1,"{'food_fillingness': 1, 'healthiness': 0}","{'comfort': -0.016666666666666666, 'food_fillingness': -0.02, 'healthiness': -0.06}","{'food_fillingness': 0.49, 'healthiness': 0.47}",1,1,1,1,['soup&maxReadyTime=21&fillIngredients=true&addRecipeInformation=true&fillIngredients=true&addRecipeInformation=true&number=5'],['soup'],00:11:45,None ,No
LtZiYQcTdLVjkVpmnxK,57f697c6733f560001b5898b,robot,30-49,udergrad,['full-time'],once_day,England,male,born_here,1,5,3,3,4,0,4,6,2,2,6,6,3,3,4,3,3,0,5,1,6,6,4,6,6,6,3,2,2,6,6,5.375,1,"{'food_fillingness': -1, 'healthiness': 1}","{'comfort': -0.08333333333333333, 'food_fillingness': -0.1, 'healthiness': -0.08}","{'food_fillingness': -0.55, 'healthiness': 0.96}",1,1,3,1,['broccoli&maxReadyTime=21&fillIngredients=true&addRecipeInformation=true&fillIngredients=true&addRecipeInformation=true&number=5'],['broccoli'],00:05:34,I don't think I could ever feel attached/involved with some computer code - be it a chat bot or smart speaker etc.,
LtZixvcgr7Tt4owp0v2,5b213220809d160001a2c36d,robot,18-29,udergrad,['student'],several_t_w,Italy,male,not_in_UK,2,3,3,4,3,0,2,6,3,3,3,6,3,3,6,5,5,3,3,3,5,4,5,6,5,5,4,3,3,6,3,4.625,1,"{'food_fillingness': -1, 'healthiness': 1}","{'comfort': -0.016666666666666666, 'food_fillingness': -0.02, 'healthiness': -0.04}","{'food_fillingness': -0.51, 'healthiness': 0.98}",2,1,2,1,['broccoli&maxReadyTime=5000&fillIngredients=true&addRecipeInformation=true&fillIngredients=true&addRecipeInformation=true&number=5'],['broccoli'],00:05:54,,
LtZkENm6YjBjHv7L45r,5d07da55ac77d8001580abb4,robot,18-29,udergrad,['student'],once_day,UK,female,born_here,4,3,5,3,5,4,6,3,4,4,4,4,6,1,3,6,6,3,2,4,2,6,4,6,5,5,3,1,3,6,4,4.375,1,"{'food_fillingness': 1, 'healthiness': 1}","{'comfort': -0.06666666666666667, 'food_fillingness': -0.08, 'healthiness': 0.06}","{'food_fillingness': 0.46, 'healthiness': 1}",2,1,5,1,['%20salad&maxReadyTime=5000&diet=vegan&fillIngredients=true&addRecipeInformation=true&fillIngredients=true&addRecipeInformation=true&number=5'],['%20salad'],00:08:25,"It was really interesting. She understood that I was vegetarian which was impressive! (except for the first recipe - she recommended grilled shrimp and I don't eat shrimp.)  It might be good for her to ask if there are any foods that the participants doesn't like, rather than just intolerances and dietary requirements.",It was really interesting! I hope this becomes a thing - I do tend to get stuck for recipe ideas :-)
LtZwDbNHJ8loDoEUWaZ,5d20e2135278fa00014814c0,robot,30-49,graduate,['full-time'],several_t_w,France,female,not_in_UK,1,3,4,4,4,4,5,4,0,1,1,6,5,4,6,5,6,3,0,6,4,4,2,5,3,5,6,1,1,6,3,4,1,"{'food_fillingness': -1, 'healthiness': 1}","{'comfort': -0.016666666666666666, 'food_fillingness': -0.02, 'healthiness': -0.04}","{'food_fillingness': -0.51, 'healthiness': 0.98}",1,1,2,1,['broccoli&maxReadyTime=21&fillIngredients=true&addRecipeInformation=true&fillIngredients=true&addRecipeInformation=true&number=5'],['broccoli'],00:08:43,,
LtZwEdNIjEYCfgyypGF,5d851419d126db0001cf0396,robot,30-49,udergrad,['full-time'],several_t_w,United States,female,not_in_UK,2,1,1,2,3,3,4,1,0,1,4,6,6,6,6,6,6,6,0,6,3,3,1,6,3,5,5,1,0,6,4,3.75,1,"{'food_fillingness': -1, 'healthiness': 0}","{'comfort': -0.03333333333333333, 'food_fillingness': -0.04, 'healthiness': 0.0}","{'food_fillingness': -0.52, 'healthiness': 0.5}",0,2,3,2,"['onion&maxReadyTime=5000&fillIngredients=true&addRecipeInformation=true&fillIngredients=true&addRecipeInformation=true&number=5', 'fennel&maxReadyTime=5000&excludeIngredients=kale,tomato&fillIngredients=true&addRecipeInformation=true&fillIngredients=true&addRecipeInformation=true&number=5']","['onion', 'fennel']",00:05:12,I would have liked to give more specifics on maybe what I had on hand to cook with. ,
LtZwG_dcAdN22dkyRAr,5c741cdd2af891001707e1e8,robot,30-49,secondary,['unemployed'],once_day,Estonia,female,not_in_UK,2,2,3,2,3,2,5,6,5,5,5,6,6,4,5,4,6,5,0,6,6,6,6,6,6,5,5,5,5,6,5,5.625,1,"{'food_fillingness': -1, 'healthiness': 0}","{'comfort': -0.06666666666666667, 'food_fillingness': -0.08, 'healthiness': 0.02}","{'food_fillingness': -0.54, 'healthiness': 0.51}",1,2,4,2,"['onion&maxReadyTime=5000&fillIngredients=true&addRecipeInformation=true&fillIngredients=true&addRecipeInformation=true&number=5', 'fennel&maxReadyTime=5000&excludeIngredients=onion&fillIngredients=true&addRecipeInformation=true&fillIngredients=true&addRecipeInformation=true&number=5']","['onion', 'fennel']",00:05:56,,
LtZwHVUzQ3zkIhpFQ1Z,5d9c8a8033801b00145a6803,robot,30-49,college,['part-time'],once_day,UK,female,born_here,6,3,2,0,5,0,4,5,6,6,6,4,5,4,5,6,6,4,0,6,6,6,6,6,6,6,5,6,6,6,6,5.875,1,"{'food_fillingness': -1, 'healthiness': 1}","{'comfort': -0.15, 'food_fillingness': -0.18, 'healthiness': 0.1}","{'food_fillingness': -0.59, 'healthiness': 1}",4,1,5,1,"['broccoli&maxReadyTime=21&intolerances=wheat,gluten&excludeIngredients=wheat,gluten&fillIngredients=true&addRecipeInformation=true&fillIngredients=true&addRecipeInformation=true&number=5']",['broccoli'],00:10:48,"It was good to chat to Cora, I was given lots of recipes but they were all mainly broccoli based, it would have been nice to see some other options.",I enjoyed it!
LtZwHbYKCUUlv6-OcMe,5be2e7e491deed00015adcb0,robot,50-69,udergrad,['full-time'],once_day,USA,male,not_in_UK,6,0,0,0,1,3,0,2,2,1,4,5,3,3,4,2,4,2,4,2,3,4,4,5,5,5,2,1,1,6,4,4,1,"{'food_fillingness': 1, 'healthiness': 1}","{'comfort': 0.03333333333333333, 'food_fillingness': 0.04, 'healthiness': 0.12}","{'food_fillingness': 0.52, 'healthiness': 1}",2,1,2,1,['salmon&maxReadyTime=21&fillIngredients=true&addRecipeInformation=true&fillIngredients=true&addRecipeInformation=true&number=5'],['salmon'],00:09:37,,
LtZwITuXAiVqKxriomB,597b0c6ed573480001404b95,robot,30-49,graduate,['full-time'],several_t_w,United Kingdom,male,born_here,4,3,2,3,5,2,2,3,2,1,1,5,4,4,5,3,6,3,3,3,1,4,3,5,5,4,4,1,1,6,5,3.875,1,"{'food_fillingness': 1, 'healthiness': 1}","{'comfort': -0.03333333333333333, 'food_fillingness': -0.04, 'healthiness': 0.0}","{'food_fillingness': 0.48, 'healthiness': 1}",1,1,1,1,['salmon&maxReadyTime=5000&fillIngredients=true&addRecipeInformation=true&fillIngredients=true&addRecipeInformation=true&number=5'],['salmon'],00:03:26,,
LtZwSc-hAk4AcEolq6E,5d20d449ebebd10001cb2740,robot,30-49,udergrad,['part-time'],once_day,United States,female,not_in_UK,5,3,5,4,5,3,2,4,5,5,5,4,5,5,6,6,6,5,1,5,6,4,4,6,5,5,5,5,5,6,6,5.125,1,"{'food_fillingness': 1, 'healthiness': 1}","{'comfort': 0.0, 'food_fillingness': 0.0, 'healthiness': 0.06}","{'food_fillingness': 0.5, 'healthiness': 1}",2,1,5,1,['%20salad&maxReadyTime=5000&diet=vegan&fillIngredients=true&addRecipeInformation=true&fillIngredients=true&addRecipeInformation=true&number=5'],['%20salad'],00:06:35,,
LtZwx1MvYjcC1DPMAjr,5b745e5224dc7900017e0d3e,robot,30-49,udergrad,['full-time'],once_day,Glasgow,male,born_here,2,3,3,2,3,1,1,4,5,4,4,6,6,3,3,4,6,1,3,3,4,6,4,5,4,3,4,4,4,6,3,4.125,1,"{'food_fillingness': 1, 'healthiness': 0}","{'comfort': -0.016666666666666666, 'food_fillingness': -0.02, 'healthiness': 0.0}","{'food_fillingness': 0.49, 'healthiness': 0.5}",1,1,2,1,['soup&maxReadyTime=21&fillIngredients=true&addRecipeInformation=true&fillIngredients=true&addRecipeInformation=true&number=5'],['soup'],00:05:52,"This was fun, perhaps Cora could give more nutritional info on the recipes, for example calorie counting so  I dont go over my daily intake would be useful.",
LtZx0nNXsWtNsju_2w0,5d540a99a620c10016640923,robot,30-49,graduate,['full-time'],once_day,Pakistan,female,more_10y,3,2,3,2,4,4,3,4,6,6,6,5,4,3,4,5,5,3,1,5,3,5,3,6,5,5,1,6,6,6,6,4.25,1,"{'food_fillingness': 0, 'healthiness': 0}","{'comfort': -0.016666666666666666, 'food_fillingness': -0.02, 'healthiness': 0.04}","{'food_fillingness': -0.01, 'healthiness': 0.52}",1,1,2,1,['beans&maxReadyTime=5000&diet=vegan&fillIngredients=true&addRecipeInformation=true&fillIngredients=true&addRecipeInformation=true&number=5'],['beans'],00:05:26,It would be good if Cora asked what ingredients are available before making the suggestion.,
LtZzCQXjcuJLhUUdzvp,5d7b411b16c9af0001b42540,robot,18-29,secondary,['student'],once_day,Italy,female,not_in_UK,2,5,3,4,5,5,5,5,6,5,5,5,4,5,5,4,4,5,1,5,5,5,5,6,6,5,1,5,5,6,5,4.75,1,"{'food_fillingness': -1, 'healthiness': -1}","{'comfort': -0.016666666666666666, 'food_fillingness': -0.02, 'healthiness': -0.08}","{'food_fillingness': -0.51, 'healthiness': -0.040000000000000036}",0,1,2,1,['pepper&maxReadyTime=21&fillIngredients=true&addRecipeInformation=true&fillIngredients=true&addRecipeInformation=true&number=5'],['pepper'],00:07:56,,
Lt_0iUQkGQFZznJr51n,5728fa200802f2000f3ef195,robot,18-29,udergrad,['full-time'],once_day,Leeds,female,born_here,3,2,3,3,3,4,3,6,6,6,6,6,6,6,5,6,6,6,0,6,6,6,6,6,6,6,6,5,6,6,6,6,1,"{'food_fillingness': 1, 'healthiness': 1}","{'comfort': 0.016666666666666666, 'food_fillingness': 0.02, 'healthiness': 0.02}","{'food_fillingness': 0.51, 'healthiness': 1}",2,1,2,1,['salmon&maxReadyTime=21&fillIngredients=true&addRecipeInformation=true&fillIngredients=true&addRecipeInformation=true&number=5'],['salmon'],00:03:27,It was so cool and a really good idea ,
Lt_0jXSF0e1FLi3etqJ,5d83908c167afc00192098da,robot,18-29,college,['part-time'],once_day,Italy,female,not_in_UK,0,2,2,3,5,5,5,6,5,5,5,6,0,5,6,5,6,4,0,6,6,6,6,6,6,6,5,5,4,6,4,5.625,1,"{'food_fillingness': 1, 'healthiness': 0}","{'comfort': -0.03333333333333333, 'food_fillingness': -0.04, 'healthiness': -0.06}","{'food_fillingness': 0.48, 'healthiness': 0.47}",1,1,3,1,['soup&maxReadyTime=5000&excludeIngredients=spinach&fillIngredients=true&addRecipeInformation=true&fillIngredients=true&addRecipeInformation=true&number=5'],['soup'],00:10:26,It was great! Cora worked as well as any of the bigger assistants like google home or Alexa! Felt good with her! what was missing was just an audio connection between me and her! I hope u could give her a lovely voice too.,"I liked to talk to ""someone"" I'd like! I love tecnologies and computers, and as said before, the only thing Cora is missing is a lovely and warm voice :)"
Lt_0lV_v1B5Bsw5eGMs,5d697ea28572fc000126b779,robot,50-69,college,['full-time'],once_day,USA,female,not_in_UK,3,3,2,4,5,4,4,6,5,5,5,6,6,6,6,6,6,6,1,5,5,5,4,5,5,6,6,4,4,6,5,5.125,1,"{'food_fillingness': -1, 'healthiness': 1}","{'comfort': -0.016666666666666666, 'food_fillingness': -0.02, 'healthiness': -0.04}","{'food_fillingness': -0.51, 'healthiness': 0.98}",1,2,5,2,"['broccoli&maxReadyTime=5000&excludeIngredients=bread,potato&fillIngredients=true&addRecipeInformation=true&fillIngredients=true&addRecipeInformation=true&number=5', 'spinach&maxReadyTime=5000&excludeIngredients=bread,potato,broccoli&fillIngredients=true&addRecipeInformation=true&fillIngredients=true&addRecipeInformation=true&number=5']","['broccoli', 'spinach']",00:10:39,I like the sense of humor,no
Lt_0mewpYMgXAiJjHIG,5b94df0a1aea7c00010a9668,robot,30-49,secondary,['part-time'],once_day,United Kingdom,female,born_here,1,5,0,2,3,3,5,6,0,0,0,4,5,5,6,5,6,5,0,6,6,6,0,6,1,5,3,0,0,6,1,3.5,1,"{'food_fillingness': 1, 'healthiness': 1}","{'comfort': -0.05, 'food_fillingness': -0.06, 'healthiness': -0.12}","{'food_fillingness': 0.47, 'healthiness': 0.94}",0,2,5,2,"['salmon&maxReadyTime=5000&fillIngredients=true&addRecipeInformation=true&fillIngredients=true&addRecipeInformation=true&number=5', '%20salad&maxReadyTime=5000&excludeIngredients=fish&fillIngredients=true&addRecipeInformation=true&fillIngredients=true&addRecipeInformation=true&number=5']","['salmon', '%20salad']",00:07:08,"I liked it.  A great idea, athough she didn't have any chicken recipes which was a bit disappointing.",
Lt_0n-uns2vcKtOWKlk,5d4043f25458cb0001d164a0,robot,50-69,secondary,['part-time'],once_day,UK,female,born_here,5,4,4,2,5,4,5,4,5,5,5,5,5,4,6,5,5,4,4,2,5,5,4,5,5,5,5,5,5,6,5,4.875,1,"{'food_fillingness': 1, 'healthiness': 1}","{'comfort': -0.06666666666666667, 'food_fillingness': -0.08, 'healthiness': 0.06}","{'food_fillingness': 0.46, 'healthiness': 1}",3,2,5,2,"['salmon&maxReadyTime=21&fillIngredients=true&addRecipeInformation=true&fillIngredients=true&addRecipeInformation=true&number=5', '%20salad&maxReadyTime=21&excludeIngredients=salmon&fillIngredients=true&addRecipeInformation=true&fillIngredients=true&addRecipeInformation=true&number=5']","['salmon', '%20salad']",00:08:19,I had to have a few goes at finding a recipe that did not include salmon but on the whole Cora did a fine job of finding something quick and easy to prepare which I felt like eating.,Interesting and unique study.
Lt_0oH3V4kYWO5DZgrq,5d02c8fb0b54cc0019dad435,robot,18-29,graduate,['full-time'],once_w,Portugal,male,not_in_UK,0,5,3,5,0,3,3,6,6,6,6,6,6,6,6,6,6,6,0,6,6,6,6,6,6,6,6,6,6,6,6,6,1,"{'food_fillingness': -1, 'healthiness': -1}","{'comfort': 0.08333333333333333, 'food_fillingness': 0.1, 'healthiness': -0.14}","{'food_fillingness': -0.45, 'healthiness': -0.07000000000000006}",1,1,1,1,['squid&maxReadyTime=21&fillIngredients=true&addRecipeInformation=true&fillIngredients=true&addRecipeInformation=true&number=5'],['squid'],00:04:00,Conversation was fluid and pleasant ,Everything went fine
Lt_0qU6wKK5huchurI9,5d19cf08a61758001a10f45d,robot,18-29,college,"['part-time', 'student']",once_day,UK,female,born_here,2,3,3,3,3,3,1,4,1,1,1,4,4,3,4,4,4,4,2,4,5,1,4,4,4,4,4,1,1,6,5,3.875,1,"{'food_fillingness': -1, 'healthiness': 0}","{'comfort': 0.03333333333333333, 'food_fillingness': 0.04, 'healthiness': -0.02}","{'food_fillingness': -0.48, 'healthiness': 0.49}",0,1,1,1,['onion&maxReadyTime=5000&fillIngredients=true&addRecipeInformation=true&fillIngredients=true&addRecipeInformation=true&number=5'],['onion'],00:03:15,"She couldn't answer everything, like if i said i didn't like the meal she could not suggest anything else.",
Lt_7qxtII1LGdVlipy8,5aa8890a35237b0001131ea3,robot,18-29,secondary,['part-time'],once_day,Portugal,female,not_in_UK,3,3,3,2,4,5,4,5,4,5,4,5,5,4,5,5,5,4,4,2,4,4,4,6,6,5,5,4,4,6,6,5,1,"{'food_fillingness': -1, 'healthiness': 0}","{'comfort': -0.016666666666666666, 'food_fillingness': -0.02, 'healthiness': 0.02}","{'food_fillingness': -0.51, 'healthiness': 0.51}",1,1,3,1,['onion&maxReadyTime=21&fillIngredients=true&addRecipeInformation=true&fillIngredients=true&addRecipeInformation=true&number=5'],['onion'],00:03:11,I loved the idea,
Lt_7ryloVbta8zSq4Rg,5bf70f0918430e000185be88,robot,18-29,graduate,['full-time'],several_t_w,Portugal,male,not_in_UK,2,5,4,3,6,5,5,4,4,4,4,5,3,1,1,2,2,3,3,3,3,5,3,5,4,4,4,5,3,6,3,3.875,1,"{'food_fillingness': 1, 'healthiness': 0}","{'comfort': -0.05, 'food_fillingness': -0.06, 'healthiness': -0.04}","{'food_fillingness': 0.47, 'healthiness': 0.48}",0,1,2,1,['soup&maxReadyTime=5000&fillIngredients=true&addRecipeInformation=true&fillIngredients=true&addRecipeInformation=true&number=5'],['soup'],00:06:00,,
Lt_7s27m6kbb5g4kRLY,5c862845c2ceec001719a6bd,robot,18-29,secondary,['full-time'],several_t_w,Poland,male,not_in_UK,0,1,2,2,0,4,4,5,2,1,3,5,2,6,5,6,6,4,1,5,4,1,4,4,5,4,5,5,1,6,4,3.875,1,"{'food_fillingness': -1, 'healthiness': 0}","{'comfort': 0.03333333333333333, 'food_fillingness': 0.04, 'healthiness': -0.02}","{'food_fillingness': -0.48, 'healthiness': 0.49}",0,1,2,1,['onion&maxReadyTime=21&fillIngredients=true&addRecipeInformation=true&fillIngredients=true&addRecipeInformation=true&number=5'],['onion'],00:08:06,,
Lt_7tBO-5LHiQrZAAKQ,5c5c54c900b69200011bb9b2,robot,18-29,udergrad,['full-time'],once_day,United States,male,not_in_UK,0,1,2,2,3,3,2,4,3,4,4,4,5,2,5,4,5,3,5,1,5,2,2,6,5,5,6,4,4,6,4,4.375,1,"{'food_fillingness': -1, 'healthiness': 1}","{'comfort': 0.0, 'food_fillingness': 0.0, 'healthiness': -0.02}","{'food_fillingness': -0.5, 'healthiness': 0.99}",1,1,1,1,['broccoli&maxReadyTime=21&fillIngredients=true&addRecipeInformation=true&fillIngredients=true&addRecipeInformation=true&number=5'],['broccoli'],00:06:41,"She was trying too much to be funny or relatable with the ""oh I used to eat CDs"" stuff. I just want a recipe, not corny jokes from the AI",
Lt_7thKYWL0jnqzAtkH,578901354a84da00014c41cf,robot,18-29,secondary,['full-time'],several_t_w,America,male,not_in_UK,4,2,1,5,4,4,4,5,5,4,5,6,5,5,5,6,5,4,0,6,5,4,6,5,4,6,5,5,5,6,4,4.875,1,"{'food_fillingness': -1, 'healthiness': 0}","{'comfort': 0.016666666666666666, 'food_fillingness': 0.02, 'healthiness': -0.04}","{'food_fillingness': -0.49, 'healthiness': 0.48}",1,1,1,1,['onion&maxReadyTime=5000&fillIngredients=true&addRecipeInformation=true&fillIngredients=true&addRecipeInformation=true&number=5'],['onion'],00:03:15,,
Lt_7u42XhUvNgxldjTz,5c4196dae14431000107574d,robot,50-69,udergrad,['unemployed'],once_day,United Kingdom,female,born_here,1,2,4,2,6,4,5,2,2,2,2,3,4,4,3,5,5,1,5,1,5,3,4,6,4,2,3,2,2,6,4,3.875,1,"{'food_fillingness': -1, 'healthiness': 0}","{'comfort': -0.08333333333333333, 'food_fillingness': -0.1, 'healthiness': 0.02}","{'food_fillingness': -0.55, 'healthiness': 0.51}",1,1,5,1,['onion&maxReadyTime=21&fillIngredients=true&addRecipeInformation=true&fillIngredients=true&addRecipeInformation=true&number=5'],['onion'],00:10:47,She didn't understand everything and one recipe was described incorrectly.,It was an interesting survey
Lt_7uA_Xrij-Acy5dRa,5d4d038ec270cd001931da3e,robot,18-29,udergrad,['full-time'],once_day,United States,male,not_in_UK,4,3,4,4,5,5,5,5,6,5,6,5,2,5,6,5,6,5,1,5,5,4,5,6,5,5,5,6,5,6,5,5,1,"{'food_fillingness': 1, 'healthiness': 0}","{'comfort': -0.016666666666666666, 'food_fillingness': -0.02, 'healthiness': 0.02}","{'food_fillingness': 0.49, 'healthiness': 0.51}",0,1,1,1,['soup&maxReadyTime=21&fillIngredients=true&addRecipeInformation=true&fillIngredients=true&addRecipeInformation=true&number=5'],['soup'],00:06:37,Really cool idea,Great
Lt_82AD-uxdUToLyY14,5c5297ba1841c80001393988,robot,18-29,secondary,['unemployed'],once_day,United States,male,not_in_UK,3,4,0,3,5,5,4,3,5,4,5,6,6,0,6,0,6,6,6,0,6,6,6,5,5,6,4,6,5,6,5,5.375,1,"{'food_fillingness': -1, 'healthiness': 1}","{'comfort': -0.016666666666666666, 'food_fillingness': -0.02, 'healthiness': -0.08}","{'food_fillingness': -0.51, 'healthiness': 0.96}",1,1,2,1,['broccoli&maxReadyTime=21&fillIngredients=true&addRecipeInformation=true&fillIngredients=true&addRecipeInformation=true&number=5'],['broccoli'],00:08:54,Check for typos better.,It was pretty easy.
Lt_83sLDJ8QkLeKNpkD,5d242f0f7e87460001593ce1,robot,30-49,graduate,['full-time'],several_t_w,Czech Republic,female,not_in_UK,2,4,2,3,4,4,4,4,2,2,2,5,2,3,2,4,5,3,4,2,3,3,2,6,2,4,5,2,2,6,2,3.375,1,"{'food_fillingness': -1, 'healthiness': 1}","{'comfort': -0.016666666666666666, 'food_fillingness': -0.02, 'healthiness': -0.06}","{'food_fillingness': -0.51, 'healthiness': 0.97}",2,2,4,2,"['broccoli&maxReadyTime=21&fillIngredients=true&addRecipeInformation=true&fillIngredients=true&addRecipeInformation=true&number=5', 'spinach&maxReadyTime=21&excludeIngredients=broccoli,pasta&fillIngredients=true&addRecipeInformation=true&fillIngredients=true&addRecipeInformation=true&number=5']","['broccoli', 'spinach']",00:10:34,"I wanted something light and healthy and I specified it could be something with pasta, but recipes were without pasta",
Lt_91yAr5DPzy9gJzE0,5932e2c8b97ad00001745487,robot,50-69,udergrad,['unemployed'],once_day,United Kingdom,male,born_here,5,4,4,2,2,3,3,3,5,5,5,5,5,3,4,4,5,3,3,3,4,4,4,5,5,5,4,5,4,6,5,4.5,1,"{'food_fillingness': 1, 'healthiness': 1}","{'comfort': 0.0, 'food_fillingness': 0.0, 'healthiness': 0.06}","{'food_fillingness': 0.5, 'healthiness': 1}",1,3,5,3,"['salmon&maxReadyTime=5000&fillIngredients=true&addRecipeInformation=true&fillIngredients=true&addRecipeInformation=true&number=5', '%20salad&maxReadyTime=5000&excludeIngredients=fish&fillIngredients=true&addRecipeInformation=true&fillIngredients=true&addRecipeInformation=true&number=5', 'soup&maxReadyTime=5000&excludeIngredients=fish,avocado,kale&fillIngredients=true&addRecipeInformation=true&fillIngredients=true&addRecipeInformation=true&number=5']","['salmon', '%20salad', 'soup']",00:07:23,no,no
Lt_IOecY4t_mRDUanPm,5bef1fe8165b120001bb671e,robot,30-49,graduate,['full-time'],several_t_w,France,male,not_in_UK,1,2,3,1,3,4,5,4,6,5,5,4,6,5,6,4,5,2,3,3,6,6,6,6,6,5,3,5,5,6,5,5.375,1,"{'food_fillingness': -1, 'healthiness': 1}","{'comfort': -0.05, 'food_fillingness': -0.06, 'healthiness': 0.02}","{'food_fillingness': -0.53, 'healthiness': 1}",1,2,3,2,"['broccoli&maxReadyTime=26&fillIngredients=true&addRecipeInformation=true&fillIngredients=true&addRecipeInformation=true&number=5', 'spinach&maxReadyTime=26&excludeIngredients=broccoli&fillIngredients=true&addRecipeInformation=true&fillIngredients=true&addRecipeInformation=true&number=5']","['broccoli', 'spinach']",00:06:20,Robots always feel odd but Cora was nice enough. We quickly found a fitting recipe.,
Lt_IPzhxP6KiobRRtwb,5c7c7e42f48c6d0016f6ff9d,robot,18-29,college,['full-time'],several_t_w,eastbourne,male,born_here,2,3,3,2,4,4,3,5,3,4,5,6,4,5,5,5,6,5,1,5,6,5,4,5,5,5,5,4,4,6,5,5,1,"{'food_fillingness': -1, 'healthiness': 0}","{'comfort': -0.016666666666666666, 'food_fillingness': -0.02, 'healthiness': 0.0}","{'food_fillingness': -0.51, 'healthiness': 0.5}",2,2,4,2,"['onion&maxReadyTime=21&fillIngredients=true&addRecipeInformation=true&fillIngredients=true&addRecipeInformation=true&number=5', 'fennel&maxReadyTime=21&excludeIngredients=onion&fillIngredients=true&addRecipeInformation=true&fillIngredients=true&addRecipeInformation=true&number=5']","['onion', 'fennel']",00:08:10,,
Lt_IQFWWP4LeD_2cwwl,5c32116524d16c00015b106c,robot,18-29,udergrad,['student'],once_day,Greece,male,not_in_UK,3,2,4,1,4,4,4,6,6,6,6,6,6,6,6,6,6,6,0,6,6,6,6,6,6,3,3,6,6,6,6,5.25,1,"{'food_fillingness': -1, 'healthiness': 0}","{'comfort': -0.05, 'food_fillingness': -0.06, 'healthiness': 0.08}","{'food_fillingness': -0.53, 'healthiness': 0.54}",0,1,1,1,['onion&maxReadyTime=21&fillIngredients=true&addRecipeInformation=true&fillIngredients=true&addRecipeInformation=true&number=5'],['onion'],00:04:38,,where i can find cora?
Lt_IW0to5wbMtK42KvP,5cc319416dd042000148019e,robot,18-29,graduate,['unemployed'],once_day,France,female,not_in_UK,2,0,3,4,5,3,4,4,4,5,5,6,6,2,6,4,6,3,2,4,5,5,5,6,6,5,5,5,5,6,6,5.375,1,"{'food_fillingness': -1, 'healthiness': 1}","{'comfort': -0.03333333333333333, 'food_fillingness': -0.04, 'healthiness': 0.02}","{'food_fillingness': -0.52, 'healthiness': 1}",1,1,3,1,['broccoli&maxReadyTime=21&diet=vegan&fillIngredients=true&addRecipeInformation=true&fillIngredients=true&addRecipeInformation=true&number=5'],['broccoli'],00:09:24,I liked Cora's sense of humour ;).,
Lt_IoAfj0UZzcuj4p3l,5d3899e31c8fb9001ca6183c,robot,30-49,udergrad,['full-time'],several_t_w,"USA, Michigan",male,not_in_UK,3,4,2,4,3,4,5,4,5,5,5,6,5,5,6,6,6,5,1,5,5,5,5,5,5,5,5,4,4,6,4,4.875,1,"{'food_fillingness': 1, 'healthiness': 1}","{'comfort': 0.0, 'food_fillingness': 0.0, 'healthiness': -0.06}","{'food_fillingness': 0.5, 'healthiness': 0.97}",2,2,4,2,"['salmon&maxReadyTime=5000&fillIngredients=true&addRecipeInformation=true&fillIngredients=true&addRecipeInformation=true&number=5', '%20salad&maxReadyTime=5000&excludeIngredients=salmon&fillIngredients=true&addRecipeInformation=true&fillIngredients=true&addRecipeInformation=true&number=5']","['salmon', '%20salad']",00:04:23,I enjoyed it!,
Lt_JSSx0PT-kvWoMGLK,5c49b156f5e26d0001479b44,robot,50-69,udergrad,['part-time'],several_t_w,United Kingdom,female,born_here,5,4,5,3,5,4,4,5,4,4,4,5,5,5,6,5,5,3,2,4,3,4,5,6,5,5,5,4,4,6,5,4.75,1,"{'food_fillingness': -1, 'healthiness': 1}","{'comfort': -0.03333333333333333, 'food_fillingness': -0.04, 'healthiness': 0.06}","{'food_fillingness': -0.52, 'healthiness': 1}",0,1,1,1,"['broccoli&maxReadyTime=21&excludeIngredients=meat,meat&fillIngredients=true&addRecipeInformation=true&fillIngredients=true&addRecipeInformation=true&number=5']",['broccoli'],00:06:57,It was easier than I thought and Cora sounded almost human.,It was fun.
Lt_MVPTCIBIBvjjbAor,5d4254db5b2c430001418a3c,robot,30-49,secondary,['unemployed'],several_t_w,United States,female,not_in_UK,2,3,3,2,3,4,4,2,1,1,2,1,6,2,5,2,6,3,2,4,2,6,2,6,6,4,3,1,1,6,4,4.125,1,"{'food_fillingness': -1, 'healthiness': 0}","{'comfort': -0.016666666666666666, 'food_fillingness': -0.02, 'healthiness': 0.0}","{'food_fillingness': -0.51, 'healthiness': 0.5}",2,1,2,1,['onion&maxReadyTime=5000&fillIngredients=true&addRecipeInformation=true&fillIngredients=true&addRecipeInformation=true&number=5'],['onion'],00:04:57,,
,,,,,,,,,,,,,,,,,,,,,,,,,,,,,,,,,,,,,,,,,,121,,,,,,,,,,,,